Time (s),Depth,Sonic_Velocity,AC,PHIT,R64,RD,TEMP,SW,Amplitude,Instantaneous_freq,Amplitude_abs,Amplitude_roll_mean,Amplitude_energy
0.104,138.22475719257065,2721.060653302154,,,,,,,-429.65234,41.768592834472656,429.65234,-429.65234375,184601.14
0.108,143.67173365799687,2725.829625386544,,,,,,,-537.0664,214.27853393554688,537.0664,-483.359375,288440.3
0.112,149.12825639654366,2730.606955485755,,,,,,,-322.23926,26.67340660095215,322.23926,-429.6526692708333,103838.14
0.116,154.59434192661442,2735.3926580620846,,,,,,,107.41406,26.98225212097168,107.41406,-295.385986328125,11537.781
0.12,160.0700077367418,2740.1867484272066,,,,,,,429.6543,21.366933822631836,429.6543,-150.3779296875,184602.81
0.124,165.55526993557962,2744.9892406846748,,,,,,,644.48145,18.524463653564453,644.48145,64.448828125,415356.34
0.128,171.050145478063,2749.8001496789825,,,,,,,644.48145,17.662532806396484,644.48145,300.7583984375,415356.34
0.132,176.55465125974573,2754.6194902026355,,,,,,,644.48145,6.098038196563721,644.48145,494.1025390625,415356.34
0.136,182.06880411711168,2759.4472769964195,,,,,,,751.89453,12.22298812866211,751.89453,622.9986328125,565345.4
0.14,187.59262082788368,2764.2835247496764,,,,,,,644.48145,16.762554168701172,644.48145,665.9640625,415356.34
0.144,193.12611893712463,2769.128248823573,,,,,,,214.82715,19.51321792602539,214.82715,580.033203125,46150.703
0.148,198.66931481627316,2773.9814635517364,,,,,,,-537.0664,21.72675895690918,537.0664,343.7236328125,288440.3
0.152,204.22222553407587,2778.843183878307,,,,,,,-1288.96,22.14891815185547,1288.96,-42.9646484375,1661417.8
0.156,209.78486820373996,2783.71342478635,,,,,,,-1718.6133,24.299762725830078,1718.6133,-537.0662109375,2953631.5
0.16,215.3572601409493,2788.5922014362054,,,,,,,-1396.373,224.4380340576172,1396.373,-945.237109375,1949857.6
0.164,220.93941798693334,2793.47952839771,,,,,,,-537.0664,24.775903701782227,537.0664,-1095.6158203125,288440.3
0.168,226.53135902228877,2798.3754208004834,,,,,,,537.0674,26.709880828857422,537.0674,-880.7890625,288441.38
0.172,232.1331004670603,2803.2798937211314,,,,,,,1288.9619,29.789243698120117,1288.9619,-365.2046875,1661422.9
0.176,237.74465948105745,2808.1929621835206,,,,,,,1181.5479,29.149192810058594,1181.5479,214.8275390625,1396055.4
0.18,243.36605316417095,2813.114641159058,,,,,,,537.0674,31.2071533203125,537.0674,601.515625,288441.38
0.184,248.9972985566852,2818.0449455669645,,,,,,,-322.23926,36.79251480102539,322.23926,644.4810546875,103838.14
0.188,254.63841383094254,2822.983891317606,,,,,,,-644.4795,36.204471588134766,644.4795,408.1716796875,415353.8
0.192,260.28941510316895,2827.931492521165,,,,,,,-537.0664,214.41397094726562,537.0664,42.966015625,288440.3
0.196,265.9503207068924,2832.887765229131,,,,,,,0.0,37.75175476074219,0.0,-193.3435546875,0.0
0.2,271.62114717050497,2837.852723912549,,,,,,,429.6543,29.984996795654297,429.6543,-214.826171875,184602.81
0.204,277.30191215143077,2842.826384030961,,,,,,,537.0674,18.902498245239258,537.0674,-42.96484375,288441.38
0.208,282.9926334715764,2847.8087611879178,,,,,,,537.0674,8.129325866699219,537.0674,193.34453125,288441.38
0.212,288.6933281900399,2852.7998703191106,,,,,,,751.89453,4.1613640785217285,751.89453,451.13671875,565345.4
0.216,294.40401384439474,2857.7997267791507,,,,,,,1074.1348,14.075643539428711,1074.1348,665.963671875,1153765.5
0.22,300.12470823384024,2862.8083461517076,,,,,,,1181.5479,18.56258201599121,1181.5479,816.3423828125,1396055.4
0.224,305.8554285043164,2867.8257434485054,,,,,,,429.6543,23.57947540283203,429.6543,794.859765625,184602.81
0.228,311.5961919461362,2872.851933807671,,,,,,,-1074.1328,23.70730972290039,1074.1328,472.6197265625,1153761.2
0.232,317.34701721990155,2877.886933567055,,,,,,,-2685.334,23.872373580932617,2685.334,-214.8259765625,7211018.5
0.236,323.10792072303417,2882.930757083035,,,,,,,-3437.2275,224.8249053955078,3437.2275,-1117.0984375,11814533.0
0.24,328.8789211204273,2887.9834206972187,,,,,,,-2685.334,24.293209075927734,2685.334,-1890.4748046875,7211018.5
0.244,334.66003566690836,2893.0449395166647,,,,,,,-966.7197,23.60824966430664,966.7197,-2169.749609375,934547.0
0.248,340.451282022443,2898.115329003139,,,,,,,751.89453,22.444896697998047,751.89453,-1804.544140625,565345.4
0.252,346.25267802480795,2903.1946047740885,,,,,,,1718.6152,21.021953582763672,1718.6152,-923.754296875,2953638.2
0.256,352.0642414493797,2908.2827823923258,,,,,,,1718.6152,20.29761505126953,1718.6152,107.4142578125,2953638.2
0.26,357.8859900094612,2913.3798773663166,,,,,,,1074.1348,12.140873908996582,1074.1348,859.3080078125,1153765.5
0.264,363.7179418948386,2918.485905621699,,,,,,,644.48145,5.092077732086182,644.48145,1181.5482421875,415356.34
0.268,369.5601148811743,2923.600882721538,,,,,,,537.0674,23.158876419067383,537.0674,1138.5828125,288441.38
0.272,375.4125264498757,2928.7248239712667,,,,,,,966.7217,1.3260242938995361,966.7217,988.2041015625,934550.8
0.276,381.27519518871526,2933.857745644973,,,,,,,1826.0283,11.661492347717285,1826.0283,1009.68671875,3334379.5
0.28,387.14813874298227,2938.9996631915747,,,,,,,2792.749,14.937675476074219,2792.749,1353.4095703125,7799447.0
0.284,393.03137499594396,2944.150592268345,,,,,,,3437.2295,16.260147094726562,3437.2295,1911.9591796875,11814547.0
0.288,398.92492214126304,2949.3105488043175,,,,,,,3222.4033,17.627988815307617,3222.4033,2449.0263671875,10383883.0
0.292,404.8287983088726,2954.4795486727285,,,,,,,1611.2021,18.734275817871094,1611.2021,2577.9224609375,2595972.2
0.296,410.7430215653103,2959.6576076913107,,,,,,,-1288.96,19.151243209838867,1288.96,1954.9248046875,1661417.8
0.3,416.6676099140497,2964.844741622581,,,,,,,-4726.1875,19.270946502685547,4726.1875,451.1375,22336848.0
0.304,422.60258137192426,2970.0409662407537,,,,,,,-7626.3477,19.28790283203125,7626.3477,-1761.5779296875,58161180.0
0.308,428.5479550001398,2975.2462982344205,,,,,,,-8915.309,230.68917846679688,8915.309,-4189.1203125,79482730.0
0.312,434.50374776750994,2980.4607524602256,,,,,,,-8056.0,18.800142288208008,8056.0,-6122.5607421875,64899136.0
0.316,440.4699791492763,2985.6843459692586,,,,,,,-5263.254,18.551475524902344,5263.254,-6917.41953125,27701842.0
0.32,446.44666667095566,2990.917094105574,,,,,,,-859.30664,18.787311553955078,859.30664,-6144.043359375,738407.9
0.324,452.4338287634992,2996.159013005957,,,,,,,4296.535,18.932504653930664,4296.535,-3759.466796875,18460214.0
0.328,458.43148390293385,3001.410118846659,,,,,,,9237.551,19.80841064453125,9237.551,-128.894921875,85332344.0
0.332,464.43965050061223,3006.6704277473054,,,,,,,12245.125,20.704864501953125,12245.125,3931.330078125,149943090.0
0.336,470.4583469035525,3011.9399557711977,,,,,,,11922.887,21.285398483276367,11922.887,7368.558203125,142155230.0
0.34,476.48759139477573,3017.2187189256033,,,,,,,7733.7617,22.356679916381836,7733.7617,9087.171875,59811070.0
0.344,482.52740298740133,3022.506733857013,,,,,,,644.48145,23.181419372558594,644.48145,8356.7611328125,415356.34
0.348,488.57779970582556,3027.8040163462615,,,,,,,-6659.629,23.834190368652344,6659.629,5177.3251953125,44350656.0
0.352,494.63880040193527,3033.1105828986756,,,,,,,-11278.402,24.789554595947266,11278.402,472.6197265625,127202360.0
0.356,500.7104232273024,3038.426449406437,,,,,,,-11170.992,224.55882263183594,11170.992,-4146.1560546875,124791064.0
0.36,506.79268727100924,3043.7516325825422,,,,,,,-6659.629,26.2235050201416,6659.629,-7024.8341796875,44350656.0
0.364,512.885611127664,3049.0861487070633,,,,,,,107.41406,27.114316940307617,107.41406,-7132.24765625,11537.781
0.368,518.9892132445892,3054.430013931119,,,,,,,5800.3203,27.503822326660156,5800.3203,-4640.2578125,33643716.0
0.372,525.1035124043877,3059.783244699376,,,,,,,8056.004,27.898996353149414,8056.004,-773.3765625,64899200.0
0.376,531.2285277372874,3065.1458577608546,,,,,,,6337.3906,27.695283889770508,6337.3906,2728.3,40162520.0
0.38,537.3642774850422,3070.5178690866937,,,,,,,2363.0947,26.79784393310547,2363.0947,4532.8447265625,5584216.5
0.384,543.5107804409137,3075.899295130891,,,,,,,-1611.2002,25.963605880737305,1611.2002,4189.121875,2595966.0
0.388,549.6680560403211,3081.2901529096703,,,,,,,-3759.4678,23.843690872192383,3759.4678,2277.1642578125,14133598.0
0.392,555.8361226465792,3086.6904585006005,,,,,,,-3974.295,20.7198429107666,3974.295,-128.8955078125,15795020.0
0.396,562.0149991606052,3092.100228451934,,,,,,,-3222.4014,233.8947296142578,3222.4014,-2040.85390625,10383871.0
0.4,568.2047047227253,3097.519479521534,,,,,,,-2685.334,10.97507095336914,2685.334,-3050.5396484375,7211018.5
0.404,574.405258406182,3102.948228408529,,,,,,,-2255.6807,13.035653114318848,2255.6807,-3179.4357421875,5088095.5
0.408,580.6166792174872,3108.3864917536225,,,,,,,-1074.1328,17.984521865844727,1074.1328,-2642.36875,1153761.2
0.412,586.8389860967704,3113.8342861394003,,,,,,,1288.9619,22.846511840820312,1288.9619,-1589.7173828125,1661422.9
0.416,593.0721979181266,3119.291628090631,,,,,,,3759.4697,25.61345863342285,3759.4697,-193.3431640625,14133613.0
0.42,599.3163339476123,3124.758534475259,,,,,,,4726.1875,28.404848098754883,4726.1875,1288.9611328125,22336848.0
0.424,605.5714135527535,3130.2350222500636,,,,,,,2900.163,31.983190536499023,2900.163,2320.1298828125,8410946.0
0.428,611.8374556759935,3135.7211079996573,,,,,,,-751.8926,34.09307098388672,751.8926,2384.5779296875,565342.44
0.432,618.114479386678,3141.216808419756,,,,,,,-3866.8809,35.86299514770508,3866.8809,1353.409375,14952768.0
0.436,624.4025041432286,3146.722140546723,,,,,,,-4296.535,213.9490966796875,4296.535,-257.7916015625,18460214.0
0.44,630.7015493358521,3152.2371213571982,,,,,,,-1718.6133,32.5760612487793,1718.6133,-1546.7517578125,2953631.5
0.444,637.0116342868978,3157.7617677684098,,,,,,,2148.2686,29.02056312561035,2148.2686,-1697.1306640625,4615058.0
0.448,643.3327782512158,3163.2960966384876,,,,,,,5263.254,26.148387908935547,5263.254,-494.1013671875,27701842.0
0.452,649.6650004165065,3168.840124766773,,,,,,,6337.3906,22.171714782714844,6337.3906,1546.7529296875,40162520.0
0.456,656.0083201331447,3174.39386909503,,,,,,,5800.3203,19.662696838378906,5800.3203,3566.1240234375,33643716.0
0.46,662.3627574950351,3179.9573472160046,,,,,,,3974.296,18.067672729492188,3974.296,4704.705859375,15795028.0
0.464,668.7283313011351,3185.5305755886816,,,,,,,1288.9619,16.962385177612305,1288.9619,4532.84453125,1661422.9
0.468,675.0050581370282,3191.0215875541776,,,8.195747093148599,,42.03380232548112,,-2470.5068,17.83832359313965,2470.5068,2986.0923828125,6103404.0
0.472,680.8589911118825,2677.3244323422196,113.84500000000001,,6.8234320442663,,42.26825964447543,,-6874.453,19.113937377929688,6874.453,343.7236328125,47258104.0
0.476,686.591216489992,2755.7698156107194,110.60456244523274,,7.92638515429921,,42.49784865959955,,-10419.098,20.16489028930664,10419.098,-2900.1599609375,108557590.0
0.48,692.331667743612,2626.1945534704746,116.06882145280937,,7.3677832579469555,,42.7276667097446,,-11278.402,229.3935546875,11278.402,-5950.699609375,127202360.0
0.484,698.1760120436022,2895.097522370996,105.28635598142854,,15.345083974387755,,42.961740481743966,,-8807.895,20.415206909179688,8807.895,-7970.0708984375,77579010.0
0.488,704.1796490995763,3998.836263829707,76.2291083553498,,16.16691930614507,,43.202185963982934,,-3974.295,19.796079635620117,3974.295,-8270.828515625,15795020.0
0.492,710.2607792746907,3292.7899949805437,92.57505612284106,,9.060852062345505,,43.44573117098765,,1611.2021,19.169546127319336,1611.2021,-6573.6974609375,2595972.2
0.496,716.1615948364938,3054.3407403635742,99.79391084682929,,12.44484051635095,,43.68206379345962,,6337.3906,18.060815811157227,6337.3906,-3222.3998046875,40162520.0
0.5,722.4515510556354,3731.559367625427,81.6827598021541,,14.944186126676463,,43.93396204222549,,9667.203,17.029457092285156,9667.203,966.7212890625,93454820.0
0.504,728.6353682594774,2934.799057751197,103.86034929928647,,15.054215037378482,,44.18165009863843,,11600.645,17.500991821289062,11600.645,5048.4291015625,134574960.0
0.508,734.8741506631972,3105.0227534830497,98.16545939452097,,14.797230429647394,,44.43156602652803,,11493.23,18.166112899780273,11493.23,8141.9341796875,132094344.0
0.512,740.7777655224411,2662.5853623016983,114.4757398310159,,9.037783170125126,,44.66801062089772,,8700.484,19.599157333374023,8700.484,9559.790625,75698430.0
0.516,746.6943872607708,2940.3088346786535,103.66266129785471,,9.6215350568208,,44.90496987769147,,2685.335,21.287126541137695,2685.335,8829.3794921875,7211024.0
0.52,752.8882138000346,3090.204187102002,98.63463638622837,,15.347268609940715,,45.15302855200153,,-5155.84,22.51554298400879,5155.84,5864.7708984375,26582684.0
0.524,759.1453190608787,3114.872971615823,97.85562215368314,,16.72976805252382,,45.40361276243501,,-12030.297,23.987783432006836,12030.297,1138.5826171875,144728050.0
0.528,765.6109848274,3321.109753028361,91.77671961303699,,15.710837131123771,,45.66253939309585,,-14393.391,225.10830688476562,14393.391,-4038.7416015625,207169700.0
0.532,771.5775029787517,2927.8799099556973,104.103698740628,,8.14062902131089,,45.90150011914995,,-10956.164,25.648183822631836,10956.164,-7970.0712890625,120037530.0
0.536,777.7509447146895,3107.696507875105,98.08918128338478,,8.255056682881369,,46.14873778858758,,-3007.5742,26.71689224243164,3007.5742,-9108.653125,9045503.0
0.54,784.2026395188932,3211.1251580278135,94.92,,15.280776769776448,,46.407105580755584,,5478.082,27.320011138916016,5478.082,-6981.86875,30009382.0
0.544,790.4528357972691,3242.0556756852516,94.02203840576925,,14.370997027446416,,46.65741343189084,,10419.098,27.926280975341797,10419.098,-2491.98984375,108557590.0
0.548,797.0743291472659,2970.8955677404706,102.60205075768964,,12.077996431025337,,46.92267316589052,,9774.617,28.418310165405273,9774.617,2341.61171875,95543144.0
0.552,803.476850685222,2872.0897471995254,106.3661788558776,,11.922982438117215,,47.179074027408916,,4833.6016,28.197145462036133,4833.6016,5499.56484375,23363704.0
0.556,809.9453166420798,3100.4913180139765,98.307,,17.071205154620127,,47.43811266568328,,-1181.5469,28.029861450195312,1181.5469,5864.7703125,1396053.0
0.56,816.4771561322583,3484.762758378163,87.47918769325472,,11.525508179160758,,47.69968624529037,,-5263.254,27.619855880737305,5263.254,3716.503125,27701842.0
0.564,822.8629800501769,3275.544509887109,93.05333029985998,,11.93158827856224,,47.955419202007235,,-6015.1484,26.332788467407227,6015.1484,429.65390625,36182012.0
0.568,828.496469472511,2185.803857575727,139.44706411582482,,6.209812021322437,,48.18105877890044,,-4296.535,225.3069305419922,4296.535,-2384.5765625,18460214.0
0.572,833.5107872625675,3112.6686530012157,97.92526377211243,,8.245073021225057,,48.38193149050269,,-1826.0264,22.341833114624023,1826.0264,-3716.5021484375,3334372.2
0.576,840.2528306259675,3239.5397487009395,94.0880965173191,,15.048453827206341,,48.651913225038705,,107.41406,19.44668197631836,107.41406,-3458.7099609375,11537.781
0.58,846.8928261536648,3076.8964031382466,99.0611003989397,,14.76843476926623,,48.917813046146755,,1288.9619,17.178674697875977,1288.9619,-2148.266796875,1661422.9
0.584,853.5479187979885,2909.565522568775,104.76027122794628,,9.287874104845638,,49.184416751919464,,1933.4424,16.174213409423828,1933.4424,-558.5486328125,3738199.5
0.588,860.0554120378395,3815.445751230961,80.31757680700876,,16.56742495443187,,49.44501648151349,,2148.2686,15.702584266662598,2148.2686,730.412109375,4615058.0
0.592,866.7930946841376,3501.757725303344,87.05559094092105,,16.2880203327918,,49.71482378736566,,2040.8545,15.915348052978516,2040.8545,1503.78828125,4165087.0
0.596,873.8533604575046,3294.0667891494654,92.52999999999999,,16.296193490197897,,49.99763441830035,,1503.7881,18.089799880981445,1503.7881,1783.0630859375,2261378.5
0.6,880.620263500445,3435.3121281887875,88.72585136675917,,18.625308035180765,,50.26861054001763,,751.89453,14.904004096984863,751.89453,1675.649609375,565345.4
0.604,887.3254858616494,3321.7643670681477,91.75848586165398,,17.809991157774128,,50.537119434466156,,537.0674,2.0117039680480957,537.0674,1396.374609375,288441.38
0.608,894.2544671636671,3519.3096660319316,86.6079224920308,,16.592800866152576,,50.8146786865467,,859.3076,11.951603889465332,859.3076,1138.582421875,738409.56
0.612,901.096461806162,3679.587634210829,82.84090807719437,,16.517076286752367,,51.088658472246316,,1288.9619,6.449419975280762,1288.9619,988.20390625,1661422.9
0.616,908.1357508773054,3205.792590849534,95.11392158314523,,12.007581824170252,,51.37063003509204,,966.7217,18.328306198120117,966.7217,880.790625,934550.8
0.62,914.4058323456252,3487.989009640507,87.38581910340395,,8.33,,51.62173329382515,,-644.4795,22.351119995117188,644.4795,601.5158203125,415353.8
0.624,920.8918686199848,3207.4106637372934,95.0308800750754,,7.811551975392384,,51.88147474479955,,-3007.5742,23.825088500976562,3007.5742,-107.4125,9045503.0
0.628,927.4919898785146,3620.3600923262916,84.19122931149278,,20.080978056510677,,52.14577959514059,,-4833.6016,24.89153289794922,4833.6016,-1245.9943359375,23363704.0
0.632,934.451208143093,3772.1678315660174,80.86994682174029,,19.58826113014962,,52.424548325723784,,-4726.1875,224.3676300048828,4726.1875,-2449.02421875,22336848.0
0.636,941.4360916093822,3576.853407116495,85.21499447855739,,15.971399700164177,,52.70424366437537,,-2363.0938,25.823293685913086,2363.0938,-3114.9873046875,5584212.0
0.64,948.2812532493059,3119.727509792308,97.70272307993466,,10.016060063018173,,52.978450129972366,,1181.5479,25.863597869873047,1181.5479,-2749.7818359375,1396055.4
0.644,954.3263125611189,2951.526368801868,103.27130176896475,,8.14687904705948,,53.22055250244493,,4189.121,25.71318244934082,4189.121,-1310.4427734375,17548736.0
0.648,961.0565350154084,3118.2532398715457,97.77430595642794,,9.334033388290683,,53.49006140061628,,5370.668,25.57936668395996,5370.668,730.4111328125,28844074.0
0.652,967.9977914745446,3541.251236323303,86.07139342242375,,12.936142269691686,,53.76811165898179,,4296.535,25.75503158569336,4296.535,2534.9556640625,18460214.0
0.656,974.8659639025021,3581.7984016030928,85.10630332557452,,12.118792048611464,,54.04313855610021,,1718.6152,24.794095993041992,1718.6152,3351.2974609375,2953638.2
0.66,981.3084327938217,3327.1881287378214,91.60955783268602,,7.784229113296421,,54.30113731175307,,-966.7197,23.46845817565918,966.7197,2921.6439453125,934547.0
0.664,987.9118850154629,3737.570652240522,81.5503488192256,,17.86487229407388,,54.56567540061858,,-3007.5742,23.368309020996094,3007.5742,1482.3048828125,9045503.0
0.668,994.9134015109104,3450.5561936275603,88.33359848908816,,18.36172174314499,,54.846036060436475,,-3759.4678,22.07421112060547,3759.4678,-343.722265625,14133598.0
0.672,1002.0448203462872,3489.4684784624724,87.35762880891853,,11.112052727357796,,55.13169281385146,,-3437.2275,229.37905883789062,3437.2275,-1890.4748046875,11814533.0
0.676,1008.5652765010536,3411.3137415236406,89.35064652370453,,10.369403454442038,,55.392811060042106,,-2363.0938,19.549394607543945,2363.0938,-2706.8166015625,5584212.0
0.68,1015.3770948637143,3331.040544204777,91.50486484261705,,9.179055733734216,,55.66558379454866,,-1074.1328,17.49628448486328,1074.1328,-2728.29921875,1153761.2
0.684,1022.4769448106867,3573.432970795795,85.29687003209172,,22.662769448106875,,55.949977792427475,,429.6543,18.214818954467773,429.6543,-2040.853515625,184602.81
0.688,1029.7337559013397,3484.2912043097713,87.47996546633688,,17.725969924849398,,56.240550236053515,,1933.4424,18.662437438964844,1933.4424,-902.271484375,3738199.5
0.692,1036.8995802728964,3691.4885802278623,82.5683252888587,,21.770478488897513,,56.52758321091588,,3114.9893,18.874771118164062,3114.9893,408.171875,9703158.0
0.696,1043.9999193354395,3638.7443118605092,83.76516052247561,,20.831758812963777,,56.81189677341758,,3544.6436,20.412988662719727,3544.6436,1589.7193359375,12564498.0
0.7,1051.2220693001143,3630.577532817063,83.9540948854472,,20.3557584199334,,57.101182772004435,,2900.163,19.541357040405273,2900.163,2384.578515625,8410946.0
0.704,1058.2390909843589,3370.7951256605816,90.42544485466945,,9.247372928234947,,57.382202730358664,,1718.6152,18.021495819091797,1718.6152,2642.370703125,2953638.2
0.708,1065.3802711899282,3721.951987895369,81.89253152196989,,22.61143390388705,,57.66821084759717,,537.0674,15.708924293518066,537.0674,2363.095703125,288441.38
0.712,1072.6713487092045,3919.855319041393,77.75964921232776,,21.279647105197235,,57.96025394836802,,107.41406,6.536837100982666,107.41406,1761.5806640625,11537.781
0.716,1080.1336463961752,3801.6299438000365,80.17713101484462,,21.103560225301035,,58.259045855846935,,214.82715,1.9898474216461182,214.82715,1095.6173828125,46150.703
0.72,1087.5666631178149,3752.095136628932,81.24161009797125,,18.648350190378707,,58.5567665247126,,0.0,4.174905776977539,0.0,515.584765625,0.0
0.724,1095.0243851122643,3520.519948828814,86.57814126114185,,11.738676050434439,,58.85547540449058,,-1503.7861,14.113205909729004,1503.7861,-128.8955078125,2261372.8
0.728,1102.5796601207203,4299.404060093439,70.89436752191108,,26.154239501819333,,59.158086404828836,,-4403.9453,19.537290573120117,4403.9453,-1117.098046875,19394734.0
0.732,1110.0635002858328,3858.20330272433,79.0012314234503,,17.87222049163344,,59.45774001143334,,-7304.1094,21.29477310180664,7304.1094,-2599.402734375,53350012.0
0.736,1117.3107251718775,3629.9940056224705,83.97080491986402,,23.68882391708277,,59.7480290068753,,-8270.828,227.25071716308594,8270.828,-4296.5337890625,68406600.0
0.74,1124.698122288583,3297.0355037130257,92.44684307146322,,22.507267217875807,,60.043924891543085,,-5692.9062,23.258073806762695,5692.9062,-5435.1150390625,32409182.0
0.744,1132.294964600363,3460.1844326826727,88.08813213506188,,11.741906371933643,,60.34809858401475,,-322.23926,22.86310386657715,322.23926,-5198.8056640625,103838.14
0.748,1139.5269059529987,3932.891676596028,77.50146550759648,,27.226690870487822,,60.63777623811996,,5907.7344,22.94627571105957,5907.7344,-3136.4697265625,34901324.0
0.752,1147.062443667998,3472.5837655056516,87.77421130204647,,7.777475213919523,,60.939597746719954,,10311.684,22.611364364624023,10311.684,386.6888671875,106330820.0
0.756,1154.1677879049791,3911.5142151488467,77.92389793090132,,27.438454354245547,,61.224111516199024,,11278.406,21.99486541748047,11278.406,4296.5357421875,127202450.0
0.76,1161.9130396287444,4004.643212778708,76.11283507353399,,22.742360414011593,,61.534321585149705,,8807.898,21.275203704833984,8807.898,7196.6966796875,77579070.0
0.764,1169.018316707781,4077.7806566781055,74.74780099393962,,23.55114251490813,,61.818932668311255,,4403.949,20.078615188598633,4403.949,8141.934375,19394768.0
0.768,1176.729470908177,3314.25200587887,91.96788313815075,,12.624421130773413,,62.12770830723515,,-644.4795,19.81000518798828,644.4795,6831.4916015625,415353.8
0.772,1183.5940822966284,3885.259584394472,78.45061213385098,,15.488500708050676,,62.402663291865224,,-5155.84,19.550561904907227,5155.84,3737.9869140625,26582684.0
0.776,1191.3144183751729,3854.828435727759,79.07022188356405,,10.482511731169932,,62.71187673500712,,-8270.828,19.360910415649414,8270.828,-171.8599609375,68406600.0
0.78,1198.7278517612299,3565.860994632824,85.47959645817879,,14.134657788652758,,63.00871407044908,,-9452.375,19.93619155883789,9452.375,-3823.9146484375,89347390.0
0.784,1206.4571838934326,3983.8846255845174,76.50836778686254,,17.847606411134933,,63.318287355737255,,-8270.828,229.45655822753906,8270.828,-6358.8701171875,68406600.0
0.788,1213.6541737929729,3560.613276196193,85.6073768259986,,11.109543448242649,,63.606566951718825,,-4726.1875,21.602825164794922,4726.1875,-7175.21171875,22336848.0
0.792,1221.4453641450905,3772.9494558310503,80.78572535127346,,26.36292423207829,,63.91861456580355,,107.41406,21.956871032714844,107.41406,-6122.5609375,11537.781
0.796,1229.5059771442761,4166.820999023776,73.149660695606,,25.789439201291458,,64.24143908577106,,4618.7734,22.41360855102539,4618.7734,-3544.640625,21333068.0
0.8,1237.6595944491814,4175.055710495649,73.08780356909904,,26.737524225441508,,64.56798377796714,,7304.1094,23.280887603759766,7304.1094,-193.34375,53350012.0
0.804,1245.6272068376284,4065.0582384707277,74.9821615040974,,25.000540786417805,,64.88708827350516,,7196.6953,23.372806549072266,7196.6953,2900.1609375,51792424.0
0.808,1253.5001480273086,4010.8483447319963,75.99393649931736,,17.50271578756738,,65.20240592109235,,4726.1875,23.843721389770508,4726.1875,4790.6359375,22336848.0
0.812,1260.7393634154366,3634.6150653169634,83.86102980886761,,10.956871072577908,,65.49227453661742,,1074.1348,24.268211364746094,1074.1348,4983.980078125,1153765.5
0.816,1267.8881760700003,3216.89002345998,94.75029289858657,,11.033581128399728,,65.77862704279991,,-2148.2666,24.696426391601562,2148.2666,3630.5720703125,4615049.5
0.82,1275.5322447046426,3960.350196606133,76.96334362847114,,23.490999999999996,,66.08478978818576,,-3759.4678,25.39510726928711,3759.4678,1417.856640625,14133598.0
0.824,1283.4948550689383,3945.1200741355715,77.26023331224933,,24.3972833390098,,66.40369420275752,,-3437.2275,224.20693969726562,3437.2275,-708.9279296875,11814533.0
0.828,1291.309789267582,4005.449122710951,76.0974988948256,,24.269997305301075,,66.7166013599711,,-1826.0264,26.624475479125977,1826.0264,-2019.370703125,3334372.2
0.832,1299.047521391918,3854.930223529041,79.06870270976212,,27.32577087844252,,67.0265008556768,,-214.82617,25.353914260864258,214.82617,-2277.162890625,46150.285
0.836,1306.6006351416008,3465.809619346912,87.94483699480618,,6.0999237830073785,,67.3290254056642,,644.48145,24.590431213378906,644.48145,-1718.61328125,415356.34
0.84,1313.8683622081962,3963.735915759494,76.89740300250425,,8.000575745115864,,67.6201344883278,,644.48145,23.97610855102539,644.48145,-837.8234375,415356.34
0.844,1321.1923873860203,3813.138216585693,79.9344765683653,,25.68943873250475,,67.91339549544058,,214.82715,17.831308364868164,214.82715,-107.4125,46150.703
0.848,1329.0022950438438,4175.410140990502,72.9988657255017,,15.000127767062924,,68.22619180175376,,429.6543,1.9878838062286377,429.6543,343.7236328125,184602.81
0.852,1336.2263143449234,2564.3672202870116,118.86103967393215,,22.7273159917112,,68.5155525737968,,1181.5479,21.74726104736328,1181.5479,622.9984375,1396055.4
0.856,1343.3087467473001,4054.8653535758094,75.16962410855734,,13.47789683523121,,68.79914986989225,,1826.0283,28.447704315185547,1826.0283,859.3078125,3334379.5
0.86,1350.9675932714088,3762.266480521785,81.01671837311564,,22.503683243775313,,69.1059037308563,,1288.9619,28.93944549560547,1288.9619,988.20390625,1661422.9
0.864,1358.8797201511638,3903.2911488962204,78.08998729443417,,21.785307098364882,,69.42278880604644,,-537.0664,28.38195037841797,537.0664,837.8251953125,288440.3
0.868,1366.9548153115122,3779.2830188314274,80.65098025131968,,23.515940631467803,,69.7461926124604,,-3007.5742,29.11237144470215,3007.5742,150.3794921875,9045503.0
0.872,1375.1266633400303,4155.258663174379,73.35293995333589,,19.392142049115584,,70.07346653360129,,-4403.9453,221.6754913330078,4403.9453,-966.719140625,19394734.0
0.876,1383.2268301039185,3996.189668859661,76.28484757677982,,21.907487913508962,,70.39787320415661,,-3652.0547,27.616180419921875,3652.0547,-2062.3357421875,13337503.0
0.88,1391.1529339135507,4225.154500417868,72.14105062256155,,23.468900516377666,,70.71531735654197,,-859.30664,26.732614517211914,859.30664,-2491.989453125,738407.9
0.884,1399.086711390222,4030.935489413995,75.71372509362001,,17.544040251204187,,71.03306845560908,,2685.335,25.708417892456055,2685.335,-1847.5091796875,7211024.0
0.888,1407.4395277429899,4103.307892538928,74.28166020854324,,21.83967249060637,,71.36758110971947,,5585.496,26.008974075317383,5585.496,-128.8951171875,31197766.0
0.892,1414.845394167132,3326.631056590241,91.62433439259547,,5.4639211665733205,,71.66421576668533,,6229.9766,25.53275489807129,6229.9766,1997.8892578125,38812610.0
0.896,1421.7368382476434,3508.9776541878355,86.86314636044804,,6.812894852570755,,71.94017352990566,,4403.949,24.978548049926758,4403.949,3609.0900390625,19394768.0
0.9,1429.1834174777032,4185.3530219153345,72.82541669707885,,22.723010097323773,,72.23843669910792,,644.48145,25.367441177368164,644.48145,3909.84765625,415356.34
0.904,1437.6205744655374,4180.611181214682,72.908,,19.536418953802503,,72.57632297862163,,-3437.2275,25.25899314880371,3437.2275,2685.33515625,11814533.0
0.908,1445.0036814307657,3797.76992097647,80.25969696239174,,20.070512471712618,,72.87204725723063,,-6122.5625,25.40003204345703,6122.5625,343.7234375,37485772.0
0.912,1451.8201036444198,3307.3149958574463,92.16862654268431,,18.8328445333636,,73.14500414577697,,-6229.9727,224.20465087890625,6229.9727,-2148.26640625,38812560.0
0.916,1459.223168938684,3274.573715370826,93.08089381202643,,7.5924992648588745,,73.44152675754721,,-3759.4678,26.076570510864258,3759.4678,-3780.9498046875,14133598.0
0.92,1466.5292499180632,3520.8368661292743,86.57070717307998,,14.03467245329714,,73.73416999672261,,0.0,26.298412322998047,0.0,-3909.84609375,0.0
0.924,1474.5524918563417,3923.566954108435,77.68454120587332,,18.517687459792043,,74.0554996742538,,3222.4033,26.428403854370117,3222.4033,-2577.919921875,10383883.0
0.928,1481.8442191754018,3835.2405257195196,79.4995080226063,,17.594471217337606,,74.34746876701611,,4618.7734,27.345703125,4618.7734,-429.652734375,21333068.0
0.932,1490.3557770315424,3377.9377619957963,90.23354664862175,,22.0692824178036,,74.68838685829323,,3652.0557,28.26483726501465,3652.0557,1546.7529296875,13337511.0
0.936,1497.5213660308614,3693.9114248961737,82.51619433260774,0.20307688283329228,9.298024523147006,5.709399273463024,74.97535464123452,1.0,1181.5479,29.272842407226562,1181.5479,2534.9560546875,1396055.4
0.94,1504.532479122867,3397.9554297053546,89.70100000000001,0.20913253649856117,16.503982724538407,14.435121757489519,75.25619916491478,1.0,-1181.5469,31.123336791992188,1181.5469,2298.6466796875,1396053.0
0.944,1511.430196173151,3501.3751916110114,87.05160765370753,0.21275686606011796,10.430396076537075,6.8251134905973565,75.53240784692585,1.0,-1933.4404,33.42074966430664,1933.4404,1267.4779296875,3738192.0
0.948,1518.691044607955,3643.2265585992245,83.66258091740455,0.158555223039745,9.904015132222726,9.34,75.82323282892591,1.0,-966.7197,208.3213348388672,966.7197,150.379296875,934547.0
0.952,1525.5701791797908,3426.1223627429326,88.9636416404089,0.2018002132483466,7.528753413253155,5.082557589849686,76.09870716719183,1.0,751.89453,65.41278839111328,751.89453,-429.6529296875,565345.4
0.956,1532.0446572339113,3213.1979696813705,94.85918236331835,0.2302553427660856,6.467747987251988,5.419460721467582,76.35798628935657,1.0,1181.5479,61.37248229980469,1181.5479,-429.6529296875,1396055.4
0.96,1538.2487590620176,3070.2165794464636,99.28278055144273,0.2342975181240348,7.7399751812403474,6.442232153409737,76.6064503624807,1.0,-751.8926,41.10719299316406,751.8926,-343.7220703125,565342.44
0.964,1545.1065241068204,3116.456207680078,97.80401989600729,0.2326934758931734,8.649995643439096,5.684280169968624,76.88116096427306,1.0,-3974.295,35.07756042480469,3974.295,-751.89296875,15795020.0
0.968,1551.8828969181313,3602.057938588498,84.61889460121589,0.2023305270933203,6.7217103081873395,6.374010605791861,77.15251587672506,1.0,-5478.082,217.12403869628906,5478.082,-1654.1654296875,30009382.0
0.972,1559.1124665246437,3824.8671971968984,79.69097496955828,0.16323311472904883,6.637002678028062,4.661721211198335,77.44209866098596,1.0,-2792.747,31.638397216796875,2792.747,-2363.09375,7799436.0
0.976,1566.5530837528677,3418.525795979327,89.17723253116215,0.2218332613275357,7.208453803216295,5.2734626819494945,77.74002335011487,1.0,3652.0557,31.172304153442383,3652.0557,-1868.9921875,13337511.0
0.98,1574.0794570965545,3900.189433031584,78.15821463651392,0.16264849326063094,12.035798251454805,13.138010350593808,78.04147828386242,1.0,9882.031,30.780237197875977,9882.031,257.792578125,97654540.0
0.984,1581.3044121816356,3768.0087646057273,80.89205467083988,0.14974116146086697,15.615867067516808,11.244252197256419,78.3308764872657,1.0,11063.578,30.507604598999023,11063.578,3265.3671875,122402760.0
0.988,1588.953827834527,3442.7183410637904,88.53646956280564,0.20375263707853922,14.007650557715223,15.950441972944054,78.63725311338094,1.0,5263.254,30.563369750976562,5263.254,5413.634375,27701842.0
0.992,1595.6199363418466,3440.9012349357236,88.58491260540842,0.21633859952073065,13.455098670130342,10.887937797942358,78.90419745367406,1.0,-4403.9453,30.66800308227539,4403.9453,5091.3947265625,19394734.0
0.996,1602.8677524475604,3965.555417218001,76.87828349662647,0.14325048951151853,14.33504559439633,15.098996755258957,79.1944100979023,1.0,-11493.23,30.76182746887207,11493.23,2062.3375,132094344.0
1.0,1610.0723039826662,4008.187235805053,76.0447698510345,0.12860465619060815,11.024372495248652,10.45302893515851,79.45879681549748,1.0,-11385.816,218.8321990966797,11385.816,-2191.23203125,129636820.0
1.004,1616.822304391822,3251.1937008849295,93.75084278079825,0.22981226148556524,12.644023371780866,9.649744270386083,79.65024682736296,1.0,-4511.3594,32.21389389038086,4511.3594,-5306.21953125,20352364.0
1.008,1623.3037107695327,3494.088746379035,87.23757244122987,0.22223339692585903,10.649275016073956,7.120942094635376,79.83410761231666,1.0,3652.0557,33.584163665771484,3652.0557,-5628.4591796875,13337511.0
1.012,1629.9140735872013,3680.5975268591806,82.81316005142159,0.16677998685424464,10.814393824398556,9.027362154742448,80.02169406044143,1.0,6981.871,35.567623138427734,6981.871,-3351.2958984375,48746524.0
1.016,1636.6349668124287,3397.607078704441,89.71110153833905,0.1987897895517108,9.47193108308583,7.361982629235497,80.2123140375605,1.0,4081.71,40.029476165771484,4081.71,-236.3078125,16660356.0
1.02,1642.8658821381262,3328.7695856422843,91.56691935915656,0.19938235723753212,10.281,8.520351942273782,80.38911058200559,1.0,-1503.7861,47.05805206298828,1503.7861,1740.0982421875,2261372.8
1.024,1649.6605491839541,3483.4078922155263,87.50115293334831,0.240133958976521,11.46415606528379,8.616667710645164,80.58185592633463,1.0,-4081.708,199.04493713378906,4081.708,1826.028515625,16660340.0
1.028,1656.7097591862891,3675.477522670269,82.928,0.1698657795292094,12.18590240813717,8.117432198314699,80.7817830164022,1.0,-1503.7861,47.06818771362305,1503.7861,794.86015625,2261372.8
1.032,1663.9985215036647,3568.3957605232795,85.41653628862804,0.24068373654031144,10.337684138261563,9.167545696083364,80.98855860210261,1.0,3759.4697,42.14259719848633,3759.4697,150.3798828125,14133613.0
1.036,1671.1374867288976,3522.236040960269,86.53863218015675,0.22775228262921285,9.904987259743928,5.89764636647112,81.19108711513809,1.0,6229.9766,38.855411529541016,6229.9766,580.033203125,38812610.0
1.04,1678.5575157593155,3798.858063147359,80.23611515753673,0.18177515759320412,9.721150315186408,5.921234040132089,81.40161044126097,1.0,3222.4033,37.36978530883789,3222.4033,1525.27109375,10383883.0
1.044,1685.7581043641687,3933.770384994738,77.4849082175647,0.178355633785627,13.605186793068832,9.837535089111123,81.60582692219677,1.0,-3222.4014,37.758689880371094,3222.4014,1697.132421875,10383871.0
1.048,1693.1698167848106,3845.425568702593,79.26343102861762,0.19864242908905164,15.690021217467276,12.076,81.81612468675941,1.0,-7518.9336,37.965518951416016,7518.9336,494.1029296875,56534364.0
1.052,1700.7915989066182,3712.662592356831,82.09756364836656,0.23364634095773743,18.821981038706472,12.917793951881611,82.03235636829213,1.0,-5692.9062,212.4049835205078,5692.9062,-1396.372265625,32409182.0
1.056,1708.4059750771085,3723.448212675211,81.86059782865283,0.19112100333484894,16.7092265416341,11.774230588469797,82.2483673021588,1.0,1288.9619,37.14107894897461,1288.9619,-2384.5751953125,1661422.9
1.06,1716.1192924801655,4186.95573998759,72.80054513804266,0.12246655712324776,15.509456988254719,11.911049294538508,82.46714018944479,1.0,8056.004,35.74379348754883,8056.004,-1417.855078125,64899200.0
1.064,1723.4702286045056,3576.6658510032917,85.22147690085032,0.23600765535683565,17.606252521155373,19.652839499449104,82.67566640092609,1.0,9452.379,34.2004508972168,9452.379,1117.1009765625,89347464.0
1.068,1730.906317397728,3961.0585581978603,76.9818773475401,0.20099183144195776,18.03007395761231,8.407241823473063,82.88667688713615,1.0,4081.71,33.32805252075195,4081.71,3437.2296875,16660356.0
1.072,1738.5265172313575,3706.9099937770984,82.22519624687381,0.19614444946816612,14.40533241820162,8.254571363980721,83.10284248247807,1.0,-4189.121,31.77237892150879,4189.121,3737.98671875,17548736.0
1.076,1746.118039220438,3807.2116785307676,80.06444322255939,0.22126196053691646,17.692474509137853,12.68421177583876,83.31812313739287,1.0,-9774.617,30.168563842773438,9774.617,1525.2708984375,95543144.0
1.08,1753.6382818252707,3912.664310173032,77.9013616645881,0.18154687269890643,26.602819167705952,12.73157947113973,83.53147189110766,1.0,-9774.617,220.40089416503906,9774.617,-2040.8533203125,95543144.0
1.084,1761.5063001585343,3937.046775201789,77.41862521049653,0.1400534912805841,19.326873996829306,12.062139651223365,83.7546827045975,1.0,-4833.6016,28.313438415527344,4833.6016,-4898.0494140625,23363704.0
1.088,1769.2944538751033,4397.432538428485,69.39263344291041,0.10283927643953003,25.00822354251545,22.926872659210144,83.9756447085031,1.0,1288.9619,26.738510131835938,1288.9619,-5456.5990234375,1661422.9
1.092,1777.2905539003332,3790.0751826436476,80.42136998903607,0.2124729482649902,25.008768553612512,26.479961267953684,84.20243550920951,1.0,5800.3203,26.197826385498047,5800.3203,-3458.7107421875,33643716.0
1.096,1785.1761503598332,3779.8136289295453,80.6389837911367,0.16642890430170598,4.1964983738973896,21.239894322384302,84.42613221007521,1.0,7089.2812,24.749656677246094,7089.2812,-85.9310546875,50257908.0
1.1,1792.8175451491318,3915.0576962915625,77.85391999183885,0.19090512389321163,25.433680806278506,17.329946871590206,84.64290880932496,1.0,5907.7344,23.46578598022461,5907.7344,3050.5392578125,34901324.0
1.104,1800.9321855432934,4157.82363780997,73.30948122000451,0.1479854581052567,26.598645133525217,14.961811611394273,84.87313338075532,1.0,3007.5752,24.304723739624023,3007.5752,4618.774609375,9045509.0
1.108,1809.0521924371892,3920.307656690118,77.74900000000001,0.2488,29.799148588450393,20.578052900816818,85.10346138824144,1.0,-644.4795,25.015031814575195,644.4795,4232.086328125,415353.8
1.112,1817.1671323018259,4200.032628606911,72.57523100679138,0.16182235048753024,23.860110135652995,14.070127338277013,85.33367970445106,1.0,-3652.0547,25.935020446777344,3652.0547,2341.611328125,13337503.0
1.116,1825.4575824992305,4320.958426290714,70.55979755650365,0.16738835744507566,23.318077123104725,14.933776047880386,85.56891230997834,1.0,-4833.6016,28.301620483398438,4833.6016,-42.965234375,23363704.0
1.12,1833.7237648052267,3985.9250385990817,76.47860507996086,0.1723517766267418,16.23287749606127,11.023703131056378,85.80336541454624,1.0,-3329.8145,219.22366333007812,3329.8145,-1890.475,11087664.0
1.124,1842.0737599373194,4012.849544473116,75.956,0.2217035214414918,15.619332829456571,9.022187045196313,86.04026527824514,1.0,-214.82617,33.0985221862793,214.82617,-2534.9552734375,46150.285
1.128,1850.2901801158653,4087.8731793675065,74.562,0.2403793731636144,28.822160882479853,12.736217868820587,86.27332504324438,1.0,2363.0947,36.843746185302734,2363.0947,-1933.4404296875,5584216.5
1.132,1858.6181831945964,4156.521263744651,73.33063361079307,0.22997277820032822,29.45199606343409,22.517559879444317,86.5096091294489,1.0,2577.9229,41.686798095703125,2577.9229,-687.444921875,6645686.0
1.136,1867.3683568133745,4351.622038241674,70.04296994139456,0.14430732327586965,29.03640940033261,24.109453546959777,86.75781399077435,1.0,322.2412,43.96363830566406,322.2412,343.7236328125,103839.4
1.14,1876.1202534631302,4261.105679047087,71.5318333619349,0.10577721190549265,17.962486265391,35.72999680504489,87.00608735043097,1.0,-2255.6807,41.88612365722656,2255.6807,558.550390625,5088095.5
1.144,1884.3248979703885,4235.444938331923,71.97062466832335,0.1828951053244659,24.659148976958193,12.58476329130635,87.23882204114133,1.0,-2900.1611,211.51463317871094,2900.1611,21.4833984375,8410935.0
1.148,1892.767423937741,4376.133971000663,69.65102151159374,0.11953253584430573,41.57646491735279,23.76967879407173,87.47835529419454,1.0,-1074.1328,35.95957565307617,1074.1328,-665.962109375,1153761.2
1.152,1901.6282373593817,4536.733985674381,67.19827444161682,0.1055,41.95762584251382,18.25857612548233,87.72969064606285,1.0,1611.2021,34.54585647583008,1611.2021,-859.30625,2595972.2
1.156,1910.116526789537,4147.9259235911595,73.48252678954444,0.10708237548259922,33.26547515643315,16.17154035147423,87.97047927689678,1.0,2900.163,34.16543197631836,2900.163,-343.721875,8410946.0
1.16,1918.6551989521286,4263.848937540409,71.48484591473904,0.17700668082911367,41.23077926935386,20.522247911417196,88.21274557065965,1.0,1933.4424,34.78522491455078,1933.4424,494.102734375,3738199.5
1.164,1927.2574417249116,4424.4489760262595,68.89499697004833,0.16304094405894073,33.76905378794371,19.53476794983612,88.45676581002246,1.0,-107.41211,37.21778869628906,107.41211,1052.6525390625,11537.361
1.168,1935.9939940694494,4341.704924514971,70.20296366289926,0.0881324269996861,41.94397331251962,26.27900371906915,88.70462582801402,1.0,-1288.96,43.183494567871094,1288.96,1009.687109375,1661417.8
1.172,1944.7832898079605,4382.372697858039,69.55189038706736,0.1575506528805468,37.72580935888034,26.428031515764303,88.95393211462299,1.0,-751.8926,197.9061279296875,751.8926,537.0681640625,565342.44
1.176,1953.714428355569,4340.5213194892685,70.22370642143811,0.20532341475622878,41.157118823987695,22.95,89.20730399395585,1.0,751.89453,50.5713996887207,751.89453,107.414453125,565345.4
1.18,1962.6206624543797,4179.3285730365105,72.93057411407378,0.2163553628192898,41.28712617245819,31.042953848588702,89.45997854872284,1.0,1718.6152,40.44456100463867,1718.6152,64.4490234375,2953638.2
1.184,1971.3610549794626,4175.300795356773,73.00189122284443,0.13359450205425477,39.19771945998424,18.663394959899826,89.7079095394248,1.0,1288.9619,32.649112701416016,1288.9619,343.723828125,1661422.9
1.188,1979.636800057245,4154.456363215069,73.367,0.2161624010305075,26.89482416774372,12.845848135110984,89.94266720166026,1.0,107.41406,26.74590492248535,107.41406,622.9986328125,11537.781
1.192,1987.701108501548,4077.3564243616665,74.75437116076252,0.15875256929455128,33.24274034742522,29.123242837796656,90.17143103804325,1.0,-966.7197,22.132999420166016,966.7197,580.033203125,934547.0
1.196,1996.1862120683502,4204.894334830794,72.48754816872805,0.2485,40.8829711545006,18.42561151011644,90.41211393791377,1.0,-1611.2002,17.224939346313477,1611.2002,107.4142578125,2595966.0
1.2,2004.826296180678,4503.170180780886,67.70519188226488,0.13314852534003974,40.1736743261235,28.460658507308725,90.65723629305896,1.0,-2148.2666,14.116776466369629,2148.2666,-665.962109375,4615049.5
1.204,2013.6132257354527,4283.990523042735,71.1486807864312,0.13771775364881805,27.714980500341884,23.05156510889473,90.90648354632839,1.0,-2792.747,233.17437744140625,2792.747,-1482.30390625,7799436.0
1.208,2022.352034743047,4412.910270879025,69.07135258403599,0.12303168731261709,37.80240694860851,24.34006096998397,91.15440900754824,1.0,-2792.747,21.759578704833984,2792.747,-2062.3361328125,7799436.0
1.212,2030.9191307461385,4328.551009080188,70.41626149225974,0.1216669397089871,33.89774848925662,30.221,91.39743566089163,1.0,-1074.1328,25.286663055419922,1074.1328,-2083.81875,1153761.2
1.216,2039.6962616892408,4689.769098973686,64.99256076158596,0.22178317797587246,39.54791590485121,21.69176640985039,91.64649158898794,1.0,2148.2686,27.25476837158203,2148.2686,-1331.925,4615058.0
1.22,2048.4686145382593,4216.555017098895,72.29819839794594,0.24371687229534358,39.81860795276615,17.752,91.89532120707115,1.0,4941.0156,28.230239868164062,4941.0156,85.9314453125,24413636.0
1.224,2057.280446589691,4441.541660969445,68.62491128651236,0.15764459852414692,39.08303862325996,32.046756189021686,92.14525250451138,1.0,5263.254,28.712491989135742,5263.254,1697.131640625,27701842.0
1.228,2065.9030095673447,4417.653071175152,68.99597807798956,0.09394719634393892,43.41618329859434,24.269374770851588,92.38988426788535,1.0,2685.335,29.597225189208984,2685.335,2792.748046875,7211024.0
1.232,2074.8299263666736,4597.786008992347,66.29593338795571,0.1711955820002668,46.57153611002801,30.935050517185353,92.64313793826679,1.0,-1181.5469,30.842002868652344,1181.5469,2771.265234375,1396053.0
1.236,2083.7159342772534,4336.8028768173735,70.28287236480197,0.173247229502214,49.588588079029556,33.47907757393801,92.89524615976308,1.0,-3437.2275,31.84635353088379,3437.2275,1654.166015625,11814533.0
1.24,2092.888707102087,4807.228895073287,63.4094816597496,0.15857757387534724,44.98751236903321,38.10488556205564,93.15538379885817,1.0,-2792.747,215.7488555908203,2792.747,107.4134765625,7799436.0
1.244,2101.971521589125,4479.418023412712,68.04467203764781,0.20592196717235933,55.18135640773249,43.42427515297504,93.4131026044954,1.0,-322.23926,42.40483474731445,322.23926,-1009.68515625,103838.14
1.248,2111.030151505425,4526.965218803545,67.32999850419742,0.08037030365258006,49.61528636451144,30.44661980479864,93.67007439365743,1.0,1396.375,61.838417053222656,1396.375,-1267.4771484375,1949863.1
1.252,2120.1239536188627,4562.918877555596,66.80108965759413,0.16213882924883838,51.64807465872356,41.68410267409674,93.92807070132841,1.0,537.0674,59.051673889160156,537.0674,-923.754296875,288441.38
1.256,2129.213388265559,4313.776479420533,70.65792794538613,0.22097703365982377,52.74661483170089,38.20124725359082,94.18587487143564,1.0,-2040.8535,40.34587097167969,2040.8535,-644.4794921875,4165083.0
1.26,2138.127703856956,4459.294109761687,68.35266906464669,0.08562995596500875,62.94969634993751,50.04686869846753,94.438775707995,1.0,-3974.295,216.61105346679688,3974.295,-880.7890625,15795020.0
1.264,2145.9896018306367,4116.35560231859,74.04687340983297,0.2327495560647417,75.04440045765894,58.81883093762268,94.6618088512578,1.0,-3329.8145,31.27306365966797,3329.8145,-1482.3041015625,11087664.0
1.268,2153.993853362564,4548.944957191378,67.00625440775994,0.2449212789477163,74.37870451427355,45.173519292278996,94.88882789415177,1.0,0.0,30.735057830810547,0.0,-1761.5791015625,0.0
1.272,2162.5709482593825,4724.306260709257,64.51791644503213,0.2483,78.93496033856837,45.306048933847585,95.13218655126293,1.0,3759.4697,30.298738479614258,3759.4697,-1117.0986328125,14133613.0
1.276,2172.3009127386467,4143.014842743639,73.56963269981154,0.19573833502313667,44.50588945748048,5.052848846940883,95.40822555668208,1.0,5370.668,30.569252014160156,5370.668,365.2056640625,28844074.0
1.28,2181.75231107238,4710.540796636011,64.7060990340359,0.09185862040185296,37.75243435739432,22.731862828176027,95.67631702109902,1.0,3652.0557,31.863117218017578,3652.0557,1890.47578125,13337511.0
1.284,2191.8395631123126,5051.977722639446,60.33531800508875,0.07615946627844057,53.25021114724759,28.45454363200464,95.9625077671446,1.0,-107.41211,33.21700668334961,107.41211,2534.95625,11537.361
1.288,2202.091473323909,5325.784976673482,57.231,0.03660620656311902,38.97010964360378,27.54382524710235,96.25335272639369,1.0,-3222.4014,35.777042388916016,3222.4014,1890.4759765625,10383871.0
1.292,2211.189190165296,4472.897255437507,68.14397685788994,0.17366757049589693,50.17303144880437,29.16107845534575,96.51139732462838,1.0,-3544.6406,210.11083984375,3544.6406,429.65390625,12564477.0
1.296,2220.4175144550113,4789.383102888795,63.6408537654534,0.19666445142523067,58.38152082235542,30.52049718052922,96.77319040474005,1.0,-644.4795,41.7078742980957,644.4795,-773.3755859375,415353.8
1.3,2229.609901891523,4436.342241817684,68.70608192447521,0.1557662789418337,62.857385354365555,45.92262860053811,97.03397725296294,1.0,3222.4033,39.704132080078125,3222.4033,-859.3060546875,10383883.0
1.304,2238.9230627742368,4684.103865483087,65.07650492726506,0.11594759702876872,77.65687468785893,50.69594119195265,97.29814575767837,1.0,5048.4297,36.70497512817383,5048.4297,171.8623046875,25486642.0
1.308,2247.9580461264363,4658.412793384149,65.4306040444602,0.1490672454136404,45.829121016884166,23.25292847044188,97.55442529154007,1.0,3007.5752,33.917213439941406,3007.5752,1417.8576171875,9045509.0
1.312,2256.826613771825,4549.796990685455,66.992,0.11678063473815894,39.59556724351508,23.364782939529253,97.80604518561097,1.0,-1718.6133,31.971757888793945,1718.6133,1783.0630859375,2953631.5
1.316,2265.8179759382174,4297.863543345776,70.92026822755741,0.1481651097138801,44.74808492722448,22.19752158729107,98.06110332626996,1.0,-6015.1484,31.40886116027832,6015.1484,708.929296875,36182012.0
1.32,2274.7831047993222,4330.392931910885,70.3881165534084,0.1810068560203864,37.50913712040773,15.281031342110857,98.31542693438097,1.0,-6659.629,218.77737426757812,6659.629,-1267.4771484375,44350656.0
1.324,2283.767712885347,4457.231649590464,68.38353847281535,0.19173185012143368,38.139367367503525,30.792496752320616,98.5702959607897,1.0,-3222.4014,31.27706527709961,3222.4014,-2921.643359375,10383871.0
1.328,2292.9535830457517,4425.265277021889,68.8773697389655,0.1593024445626407,39.390436570226996,25.865087528480355,98.8309003252809,1.0,1718.6152,32.2459602355957,1718.6152,-3179.4353515625,2953638.2
1.332,2302.249526531177,4483.1440842501615,67.988,0.14951704487763512,32.264202610810926,16.34673878059122,99.09458674287295,1.0,4618.7734,34.40251541137695,4618.7734,-1911.9580078125,21333068.0
1.336,2311.4696496981824,4713.722707008074,64.66239710062499,0.12387588953863006,35.99569977659864,31.87363299585118,99.35615019154899,1.0,3544.6436,38.27605438232422,3544.6436,0.000390625,12564498.0
1.34,2320.7366445280572,4690.749442870865,64.98023216749182,0.11580066415825035,46.04285850483713,37.74660352698009,99.61906269131369,1.0,-214.82617,42.936832427978516,214.82617,1288.9609375,46150.285
1.344,2330.0706720640924,4616.170310323793,66.03074364911319,0.13487800817964976,69.40792469743803,59.97298963191576,99.88384948985893,1.0,-3329.8145,44.114219665527344,3329.8145,1267.4783203125,11087664.0
1.348,2339.524998727372,4282.412485281844,71.17525507777319,0.16910006108599332,43.40051651867069,29.40423614111527,100.15202496309388,1.0,-3437.2275,209.6591339111328,3437.2275,236.309765625,11814533.0
1.352,2348.789796664025,4893.560482961927,62.28807013505466,0.08261230976985409,66.9599767434386,52.97071361385424,100.41490410325662,1.0,-322.23926,35.50821304321289,322.23926,-751.8927734375,103838.14
1.356,2358.038544160153,4568.608510260777,66.71629712128568,0.15458890322290264,59.633834100188736,31.337963114282367,100.67727923648442,1.0,3437.2295,30.95433235168457,3437.2295,-773.3755859375,11814547.0
1.36,2367.324782433879,4653.68874374426,65.49688191115,0.20570302582109,43.24046498837255,29.132,100.94069390814842,1.0,5370.668,27.835405349731445,5370.668,343.7232421875,28844074.0
1.364,2376.5467354850134,4798.177477433005,63.52552179958409,0.1810305805992247,44.474684132661245,42.047,101.20230859358054,1.0,4618.7734,25.778106689453125,4618.7734,1933.4408203125,21333068.0
1.368,2385.7943079334946,4567.284390212792,66.7363070175592,0.1934016795250364,71.08285008455417,70.06775061655905,101.46464062213771,1.0,2363.0947,21.785104751586914,2363.0947,3093.5052734375,5584216.5
1.372,2395.2763077314125,4923.527490354446,61.90729522898967,0.10199538148722949,64.68007693285242,58.82897970928134,101.73361292421089,1.0,537.0674,16.022632598876953,537.0674,3265.3666015625,288441.38
1.376,2404.7893645129225,4703.631116803753,64.801,0.11881712246506268,65.07070432007636,39.71899907352927,102.00349157087463,1.0,-537.0664,10.848611831665039,537.0664,2470.507421875,288440.3
1.38,2414.642068967838,4843.928766151224,62.924282753982624,0.13682827573621198,88.88985519523119,72.84524812136095,102.28297793109974,1.0,-1503.7861,8.496432304382324,1503.7861,1095.6166015625,2261372.8
1.384,2423.962410314677,4891.826828538367,62.31041020793833,0.21680860979145802,83.18784350340133,76.16063149144091,102.5474098991255,1.0,-3652.0547,13.550975799560547,3652.0547,-558.5490234375,13337503.0
1.388,2433.398485522169,4308.961075034611,70.73777502384279,0.1932227616299607,69.7466351914484,42.12766108996653,102.81505759462037,1.0,-6874.453,19.37357521057129,6874.453,-2406.05859375,47258104.0
1.392,2442.9588178830004,4911.576438197212,62.05885723852008,0.08854738066928727,65.29203839563426,63.09798065705775,103.08624690072386,1.0,-9022.723,227.78575134277344,9022.723,-4318.0166015625,81409530.0
1.396,2452.5722478307807,4897.272953436883,62.2387521692097,0.08702821312343527,70.97913516812791,49.65380734838201,103.35899518709293,1.0,-7733.7617,23.707956314086914,7733.7617,-5757.3556640625,59811070.0
1.4,2462.103287843083,4788.621838775691,63.651832532756465,0.09011290352295614,66.27073449405806,49.56734365527523,103.62939205960669,1.0,-2255.6807,24.540786743164062,2255.6807,-5907.7345703125,5088095.5
1.404,2471.44243954661,4853.851951682922,62.80303167510007,0.2477,60.34086180099934,34.76999525191467,103.89428830730486,1.0,5478.082,25.073123931884766,5478.082,-4081.7072265625,30009382.0
1.408,2480.6941206858733,4295.833160910804,70.95260032980245,0.15771186194816045,63.507486876316875,42.047,104.15673537920463,1.0,11600.645,25.38125228881836,11600.645,-386.6876953125,134574960.0
1.412,2489.8202505867557,4982.460318698934,61.17470133237199,0.24666722007586492,67.05617133778486,48.171877985182235,104.41566701642894,1.0,12782.191,25.163156509399414,12782.191,3974.2951171875,163384420.0
1.416,2499.078071797923,5160.196107422267,59.067637122113055,0.15384650258553198,85.6083836018359,81.72445800514761,104.67828601034213,1.0,8807.898,24.796817779541016,8807.898,7282.6271484375,77579070.0
1.42,2508.9593883562466,4486.998939563267,67.93865039848679,0.11530739863675431,97.70650147279126,71.89712507228234,104.958622262331,1.0,2148.2686,24.313438415527344,2148.2686,8163.4169921875,4615058.0
1.424,2518.359107753399,5075.295998393358,60.05624885848491,0.05984163339569126,93.42721906913592,71.19743529284138,105.22525501709487,1.0,-3544.6406,23.080551147460938,3544.6406,6358.8724609375,12564477.0
1.428,2527.6799938115496,5112.45997703097,59.62173836311627,0.1375996905778929,99.41781138673355,75.634,105.48963982672362,1.0,-6122.5625,20.77523422241211,6122.5625,2814.2310546875,37485772.0
1.432,2537.0628484470158,3987.213557288868,76.45507768041902,0.20512691431068786,100.88818904325024,76.89989174394853,105.75585975651667,1.0,-6122.5625,16.8436336517334,6122.5625,-966.7197265625,37485772.0
1.436,2546.4220849486537,4427.248003585905,68.8499151362818,0.15615814765592434,121.89588186423352,106.53754884398015,106.02134046351064,1.0,-5478.082,237.1831512451172,5478.082,-3823.9158203125,30009382.0
1.44,2556.255841857571,5104.038017814498,59.727880790333316,0.05009640037346285,19.270481117031785,143.74181558486163,106.30031941386953,1.0,-5048.426,12.191289901733398,5048.426,-5263.2546875,25486602.0
1.444,2566.5639420657203,4724.750698025228,64.5136182638621,0.09314997483584168,21.915077077933283,138.569,106.59275431990615,1.0,-4296.535,15.194295883178711,4296.535,-5413.63359375,18460214.0
1.448,2576.5378509134503,5155.808218637542,59.12032821976061,0.050340174423249305,22.016092940391754,207.7310044592371,106.87565982557675,1.0,-2040.8535,19.65138816833496,2040.8535,-4597.291796875,4165083.0
1.452,2587.1952333852814,4945.414249062133,61.63297112654598,0.08164756723818949,25.31809434320509,189.71251371698756,107.17796653478811,1.0,2040.8545,23.48334312438965,2040.8545,-2964.6083984375,4165087.0
1.456,2597.577115840349,5541.92353089852,55.000502592693834,0.16360624134903642,23.694686524789212,167.45852706466363,107.47253635937044,1.0,6015.1484,25.91414451599121,6015.1484,-665.9623046875,36182012.0
1.46,2606.952886317721,4591.57944227216,66.38298359231887,0.13922979577599803,18.36831660973703,146.19877857203835,107.738480816896,1.0,7196.6953,27.010761260986328,7196.6953,1783.0619140625,51792424.0
1.464,2616.8584388690615,5306.457745950543,57.476846592789364,0.17399325369068944,16.520468339285035,111.78499840776135,108.01949472720244,1.0,4833.6016,28.373825073242188,4833.6016,3609.0892578125,23363704.0
1.468,2626.5944301887403,4758.137982351853,64.059475320016,0.17318886037750683,17.246460981046038,143.89721267727168,108.29573847547385,1.0,322.2412,30.2381649017334,322.2412,4081.708203125,103839.4
1.472,2636.171701122794,5127.034751843382,59.49711250185942,0.13399062021047636,18.62911925683653,185.848,108.56740763143853,1.0,-3114.9873,31.656715393066406,3114.9873,3050.53984375,9703146.0
1.476,2645.740696065412,5245.331015188044,58.10898517017341,0.04633373541127603,19.73076843944346,166.475,108.83883948983159,1.0,-3544.6406,215.83163452148438,3544.6406,1138.58203125,12564477.0
1.48,2654.9824086541553,5438.317127564566,56.04739509768077,0.051637754756488165,20.19719350938543,240.276,109.10100744231627,1.0,-1396.373,38.76955795288086,1396.373,-580.031640625,1949857.6
1.484,2664.8489672043347,4963.871522715071,61.40626861845236,0.10633803225936532,23.925878510786728,191.00530051151256,109.38092004892536,1.0,966.7217,43.718353271484375,966.7217,-1353.4076171875,934550.8
1.488,2674.8347438980245,5136.2717640507435,59.345091132833225,0.2107407562834373,23.36012255013282,198.73671186823287,109.66417282914438,1.0,1611.2021,46.08372497558594,1611.2021,-1095.6154296875,2595972.2
1.492,2685.2216443247316,5731.899739929618,53.17721661868071,0.21756493297421142,28.378988204699496,268.238,109.95882768541738,1.0,537.0674,43.67497634887695,537.0674,-365.2044921875,288441.38
1.496,2695.8246707910616,5212.743363329877,58.48741029464057,0.06798981440270462,24.07127304462643,215.23,110.25961545294048,1.0,-859.30664,39.81697082519531,859.30664,171.8623046875,738407.9
1.5,2706.561552703705,5525.510907667669,55.16248988038998,0.05345249314721213,31.20791310740051,244.6220797033224,110.56422347570397,1.0,-1181.5469,211.15933227539062,1181.5469,214.8275390625,1396053.0
1.504,2717.0250063765834,4550.24993889723,66.99235157903121,0.10295085446266054,39.83250675918224,649.21892867672,110.86102518492102,0.8995447584454703,-322.23926,43.52739334106445,322.23926,-42.9646484375,103838.14
1.508,2726.3781353132395,5166.32620285134,58.9992615535888,0.0484462871461182,34.85608910997353,279.3904686625967,111.12638778877033,1.0,429.6543,68.21875,429.6543,-279.27421875,184602.81
1.512,2736.5605774618275,4846.765519315089,62.8874508509459,0.1205797888357321,27.29336535228983,265.367250770914,111.41525674639325,1.0,0.0,73.76152801513672,0.0,-386.6876953125,0.0
1.516,2745.4859786956667,4492.624898131481,67.84480479125455,0.127324340869365,24.52617443479762,356.0194380974992,111.66840740347861,1.0,-1288.96,43.7763671875,1288.96,-472.618359375,1661417.8
1.52,2754.951047422782,4336.6375003236435,70.3019595072291,0.1329207299123332,23.29532412355992,240.12221189507397,111.9369293278377,1.0,-1933.4404,214.4254913330078,1933.4404,-622.9970703125,3738192.0
1.524,2763.0855460274197,3734.3901261807628,81.62029021622828,0.22442269862837755,26.805766608178356,240.919201779256,112.1676952887681,0.8774379068324245,-859.30664,33.59144592285156,859.30664,-730.410546875,738407.9
1.528,2773.07425193438,5386.9076319604565,56.5817613494378,0.18394078242106437,32.680023645926404,329.787967427724,112.45107905416295,1.0,1933.4424,34.37018966674805,1933.4424,-429.6529296875,3738199.5
1.532,2783.9332190184195,5598.61871349326,54.442,0.1003767263799444,32.53389711656875,426.9608041899957,112.75913013251547,1.0,4189.121,33.40312957763672,4189.121,408.1712890625,17548736.0
1.536,2794.6400900068443,5498.033839604604,55.437999999999995,0.05367522963655806,26.595621786422356,216.04869125840295,113.062822520192,1.0,3974.296,31.85081672668457,3974.296,1460.8224609375,15795028.0
1.54,2804.3662813165647,5356.836456929733,56.90173790708573,0.23683718683448649,24.5124373668973,373.204,113.34888612739584,1.0,751.89453,32.13303756713867,751.89453,1997.889453125,565345.4
1.544,2814.1969398357473,5215.485659022805,58.44891694337416,0.14423879671517362,25.43160995476125,334.68336752195285,113.70038983408732,1.0,-3866.8809,31.732824325561523,3866.8809,1396.374609375,14952768.0
1.548,2824.627818612298,4699.625139940831,64.85635903850105,0.1148743864525407,24.426178896438067,227.0598076281718,114.07330147004323,1.0,-6767.043,30.49181365966797,6767.043,-343.7224609375,45792870.0
1.552,2834.7072846848655,5395.520263986276,56.49205893845748,0.247,22.319138865339916,215.23,114.43376224865551,1.0,-6015.1484,220.030029296875,6015.1484,-2384.5763671875,36182012.0
1.556,2843.3151706431695,4682.906307219884,65.09580078830525,0.17638293568426328,22.389480368262447,309.1120065407863,114.74154614315367,1.0,-1718.6133,29.183034896850586,1718.6133,-3523.158203125,2953631.5
1.56,2853.1182374175132,4957.866317810436,61.48600310373017,0.2469,20.21870252685784,269.1438525285958,115.09205654703099,1.0,3759.4697,28.36972427368164,3759.4697,-2921.6431640625,14133613.0
1.564,2863.0340777799024,4694.424994370448,64.97331159031415,0.17929222200924452,21.264279554448073,237.39651742636198,115.44662680007667,1.0,7518.9375,27.784854888916016,7518.9375,-644.4794921875,56534420.0
1.568,2872.269922014826,4747.726155115057,64.2024232676216,0.2469,20.432168205048246,205.01613543834674,115.77681719253357,1.0,7733.7617,26.62317657470703,7733.7617,2255.6814453125,59811070.0
1.572,2882.475228566224,5557.885523604604,54.841,0.11011562878497573,21.665393996718667,211.317,116.1417329998177,1.0,4726.1875,25.967683792114258,4726.1875,4403.9486328125,22336848.0
1.576,2892.6470728057197,5078.307230923026,60.02,0.2468,18.1829224403176,167.92578387269515,116.50544754820066,1.0,-107.41211,25.72553253173828,107.41211,4726.1888671875,11537.361
1.58,2903.0161109200026,4430.191733425952,68.84379764537107,0.13632839467839616,18.007583361999252,168.25839704167734,116.87617999312019,1.0,-4511.3594,25.09860610961914,4511.3594,3072.023046875,20352364.0
1.584,2912.3721278357125,4167.296077116946,73.1543208801525,0.2467,18.611698228110818,165.63130958659133,117.21072447424945,1.0,-6874.453,24.950225830078125,6874.453,193.344921875,47258104.0
1.588,2922.332806963535,4699.280063291731,64.8631434296312,0.15628701278989265,20.49580180246586,159.6538746687377,117.56688105068677,1.0,-6444.801,224.83702087402344,6444.801,-2642.367578125,41535456.0
1.592,2932.180986044698,5651.847483363258,53.93029654737146,0.12753028828025834,21.173091718571342,218.34619713232274,117.91903451156489,1.0,-3544.6406,25.844676971435547,3544.6406,-4296.533203125,12564477.0
1.596,2942.8771763496106,4908.078399759707,62.13519119734133,0.08051032596004476,21.977141182520167,175.895,118.30147834858548,1.0,537.0674,27.075321197509766,537.0674,-4167.6373046875,288441.38
1.6,2951.9528313334085,4677.701289350146,65.16566556585147,0.2466,17.998243966588216,128.83640440827864,118.62600192800245,1.0,3652.0557,28.19089126586914,3652.0557,-2534.954296875,13337511.0
1.604,2960.904089259018,5063.597928801825,60.19458712374653,0.06406691223677592,16.75433472126474,264.0752708702166,118.94604721332414,1.0,4296.535,30.045581817626953,4296.535,-300.756640625,18460214.0
1.608,2971.0718352938957,5474.25314063609,55.68794541513556,0.031658564734853935,19.768512941578265,164.30054565346006,119.30968607058063,1.0,2363.0947,33.32719802856445,2363.0947,1460.8224609375,5584216.5
1.612,2980.907749711632,5579.808961845085,54.62557807387933,0.2466,20.147462110684874,166.475,119.66137123990664,1.0,-537.0664,37.58309555053711,537.0664,2062.3373046875,288440.3
1.616,2991.281233379955,4908.364076386107,62.09896327828464,0.16281477780737502,21.708688995804756,149.121,120.03224316829815,1.0,-2255.6807,42.23160934448242,2255.6807,1503.7876953125,5088095.5
1.62,3001.799761393789,5598.766825958293,54.44057552084043,0.07431121449254603,22.487916487821465,225.32708948390217,120.40839141017592,1.0,-1718.6133,206.38833618164062,1718.6133,429.65390625,2953631.5
1.624,3011.5767259802797,4168.456640878049,73.12068470077857,0.1644785053890128,21.51185978443949,191.17738659099444,120.75796213529046,1.0,537.0674,39.39136505126953,537.0674,-322.2396484375,288441.38
1.628,3021.222226695748,5377.811397010521,56.6774533915102,0.0693110932169796,20.2346712296702,205.81355449230628,121.10280016104718,1.0,2470.5088,33.29169464111328,2470.5088,-300.7568359375,6103413.5
1.632,3031.26652432379,4953.41663679781,61.5504520658624,0.2462004270286439,20.51200519173302,200.05113848174673,121.46199487565627,1.0,2900.163,29.189477920532227,2900.163,386.6890625,8410946.0
1.636,3040.5721138244785,4937.296060256884,61.73625281882103,0.2464,23.652577235102157,214.8892964547657,121.79469609768161,1.0,1826.0283,26.396196365356445,1826.0283,1203.030859375,3334379.5
1.64,3050.785862596488,5461.520135720618,55.8087251929561,0.22039297684526737,23.80887694874479,277.54878875582466,122.15990519087673,1.0,429.6543,21.184289932250977,429.6543,1632.684375,184602.81
1.644,3061.329231178135,5336.080649855994,57.124142534086666,0.2463,19.40290790084179,101.7729516282677,122.53695232241236,1.0,-537.0664,16.442712783813477,537.0664,1417.8576171875,288440.3
1.648,3070.7513190561067,4922.565173521769,61.92037476495458,0.09982180329361108,19.638906424752168,416.50282951190866,122.87384748601983,1.0,-1074.1328,11.838064193725586,1074.1328,708.929296875,1153761.2
1.652,3081.295579083027,5106.505007970138,59.69516825547263,0.1791084698849814,25.219120180408407,200.08147750005497,123.25084084698851,1.0,-1611.2002,8.620087623596191,1611.2002,-193.343359375,2595966.0
1.656,3091.057472056977,5083.079219414162,59.96510818020396,0.2236666206948359,27.096102663584265,260.60923791153004,123.59986899405148,1.0,-2685.334,14.63550090789795,2685.334,-1095.6158203125,7211018.5
1.66,3101.1105874344325,4900.864607146506,62.19496171845314,0.16694945340871928,31.57175001007861,273.4636858255039,123.95938114764012,1.0,-3652.0547,231.16221618652344,3652.0547,-1911.9576171875,13337503.0
1.664,3111.0769131369902,5287.716820409998,57.644997701905666,0.2462,,227.409,124.31569195979507,1.0,-3652.0547,20.995981216430664,3652.0547,-2534.9552734375,13337503.0
1.668,3121.2179732378177,4728.913509497044,64.46950685971929,0.11215086166278392,,204.24972227415415,124.67834703656177,1.0,-2148.2666,22.07562828063965,2148.2666,-2749.78203125,4615049.5
1.672,3131.177015290128,5076.255038266966,60.051853571978526,0.2461,,129.40787130607987,125.03439553515501,1.0,537.0674,22.563411712646484,537.0674,-2320.128515625,288441.38
1.676,3141.8695834469695,5724.266155839765,53.24700000000001,0.10971207731140953,,197.46994586873302,125.4167354206434,1.0,3329.8154,22.356111526489258,3329.8154,-1117.0986328125,11087671.0
1.68,3152.4689992263256,5458.745992800474,55.836999999999996,0.246,,173.79546768302816,125.79578397214755,1.0,5263.254,21.98344612121582,5263.254,665.9630859375,27701842.0
1.684,3163.1163313543116,5344.3680740636855,57.03199999999999,0.246,,126.04770547756885,126.17648792875576,1.0,5692.91,23.014070510864258,5692.91,2534.9560546875,32409226.0
1.688,3173.715853104651,4290.09070316156,71.04865075584598,0.16480246339488377,,173.5388310874068,126.55547071176782,1.0,4081.71,23.735271453857422,4081.71,3780.9513671875,16660356.0
1.692,3183.8457271268576,5404.480169086709,56.40044520093286,0.2459,,304.5707800361864,126.91764617656632,1.0,751.89453,24.937713623046875,751.89453,3823.916796875,565345.4
1.696,3194.7812063351585,5326.7041684375035,57.22129971866829,0.2459,,214.49460389436177,127.30872342806535,1.0,-3329.8145,27.09381866455078,3329.8145,2491.9908203125,11087664.0
1.7,3205.5604812545494,5033.530293962965,60.63535372866273,0.2459,,241.18335732894974,127.69407732516412,1.0,-5907.7344,28.307090759277344,5907.7344,257.7931640625,34901324.0
1.704,3216.462302207863,5528.265570043717,55.13754859662297,0.2458,,448.9451310146326,128.08394287948286,1.0,-5478.082,220.13478088378906,5478.082,-1976.4052734375,30009382.0
1.708,3227.3633591416556,5340.323913876136,57.08803932173139,0.2458,,876.8159825804582,128.47368092909903,1.0,-1826.0264,32.12133026123047,1826.0264,-3157.9525390625,3334372.2
1.712,3237.2978288576655,4163.785580145966,73.2176905405897,0.2458,,373.0566879915517,128.8289218388754,1.0,2900.163,33.52878952026367,2900.163,-2728.298828125,8410946.0
1.716,3247.235264487388,5403.336490285879,56.54940576658805,0.13581889152950638,,432.207,129.18426952154613,1.0,5585.496,34.386592864990234,5585.496,-945.23671875,31197766.0
1.72,3256.979818491994,5448.469358221381,56.00487789790684,0.2457,,392.87518769084,129.53267346571167,1.0,4403.949,34.9301872253418,4403.949,1117.1,19394768.0
1.724,3267.048334050369,5328.220859303194,57.211075242499774,0.2457,,422.47605554792085,129.89269169176316,1.0,0.0,34.608299255371094,0.0,2212.71640625,0.0
1.728,3276.8316151885497,4847.962133355048,62.87191422518179,0.2457,,366.62246737500067,130.24250653159868,1.0,-4618.7734,33.50137710571289,4618.7734,1654.1669921875,21333068.0
1.732,3286.688371612567,4255.791222436883,71.6202809819177,0.2456,,178.77326342184426,130.594981378053,1.0,-6444.801,217.88973999023438,6444.801,-214.82578125,41535456.0
1.736,3296.666173575473,5050.870183728841,60.34840339664771,0.2456,,270.14488943567153,130.95171607514212,1.0,-4403.9453,31.088762283325195,4403.9453,-2212.7140625,19394734.0
1.74,3306.2622638135554,5527.878911119081,55.14138004413129,0.2456,,,131.29484149728785,1.0,322.2412,30.146766662597656,322.2412,-3029.0556640625,103839.4
