Time (s),Depth,RD,Amplitude,Instantaneous_freq,Amplitude_abs,Amplitude_roll_mean,Amplitude_energy
0.216,239.48590704743427,6.486229386447217,5154.449,26.959468841552734,5154.449,1577.8923828125,26568346.0
0.22,243.40849535633086,6.503,3786.9443,27.27394676208496,3786.9443,2798.130078125,14340947.0
0.224,246.99399225425037,6.266,105.19238,27.575305938720703,105.19238,2945.4001953125,11065.4375
0.228,250.5311137677899,5.817999999999999,-4418.1016,28.573802947998047,4418.1016,1725.1626953125,19519622.0
0.232,253.9215757296784,5.938866651324304,-7047.922,29.23751449584961,7047.922,-483.8875,49673204.0
0.236,257.4986056989576,7.005,-5890.801,220.09388732910156,5890.801,-2692.9375,34701532.0
0.24,261.0547143312542,6.2927185445609455,-1367.5078,30.39585304260254,1367.5078,-3723.8279296875,1870077.6
0.244,264.58046144141474,6.027058407190959,4102.5195,31.06217384338379,4102.5195,-2924.3625,16830666.0
0.248,268.033051244377,6.423330980807544,7363.5,31.721782684326172,7363.5,-568.0421875,54221132.0
0.252,271.61787996075634,7.005,6311.5703,31.062910079956055,6311.5703,2103.85625,39835920.0
0.256,275.21367742388617,5.696501930680927,1683.0859,30.2143611907959,1683.0859,3618.63359375,2832778.2
0.26,278.65402110963856,9.26983261715097,-4207.715,29.67863655090332,4207.715,3050.5921875,17704864.0
0.264,282.0115485440682,8.143669272423839,-8099.8516,28.189699172973633,8099.8516,610.11796875,65607596.0
0.268,285.62815026988943,8.592,-8415.43,222.8795166015625,8415.43,-2545.66796875,70819460.0
0.272,289.23756748073845,9.853748489750904,-4838.871,26.845136642456055,4838.871,-4775.75625,23414674.0
0.276,292.817013176639,8.305370423792503,1051.9287,26.001676559448242,1051.9287,-4901.9876953125,1106554.0
0.28,296.4342895098761,9.90525019692288,6732.3438,25.434661865234375,6732.3438,-2713.9759765625,45324452.0
0.284,299.7657027779204,10.028100278306932,9782.9375,25.12605857849121,9782.9375,862.5818359375,95705864.0
0.288,303.361733624422,10.736999999999997,8941.395,24.34221649169922,8941.395,4333.9466796875,79948536.0
0.292,306.9207508907239,8.934223239303037,4944.0625,23.783870697021484,4944.0625,6290.5333984375,24443754.0
0.296,310.6877035666655,11.590683260339903,-315.5791,23.39711570739746,315.5791,6017.0318359375,99590.17
0.3,314.22332396912543,8.753,-4312.9062,22.312374114990234,4312.9062,3807.9818359375,18601160.0
0.304,317.9818356558961,8.887210475670578,-5785.6094,20.624553680419922,5785.6094,694.2724609375,33473276.0
0.308,321.78533008641074,9.10893885309947,-5154.449,231.40069580078125,5154.449,-2124.8962890625,26568346.0
0.312,325.712108025705,9.063779597075342,-3681.752,14.679793357849121,3681.752,-3850.0591796875,13555297.0
0.316,329.5865421229026,9.772753331838645,-2629.8232,9.787281036376953,2629.8232,-4312.9080078125,6915970.5
0.32,333.4717844278241,10.879854613461692,-1998.665,9.505744934082031,1998.665,-3850.059765625,3994662.0
0.324,337.32286946268306,8.753,-1051.9297,14.73801040649414,1051.9297,-2903.323828125,1106556.1
0.328,341.23673739769185,8.917,631.1572,21.146413803100586,631.1572,-1746.2025390625,398359.44
0.332,345.10608243561575,8.92715766747246,2314.2432,26.852447509765625,2314.2432,-547.003515625,5355721.5
0.336,348.9742867847196,9.784999999999998,2629.8213,34.235774993896484,2629.8213,504.925390625,6915960.0
0.34,352.9019253720506,8.277517463518329,841.54297,42.37490463256836,841.54297,1072.9669921875,708194.56
0.344,356.7788387754967,8.434,-2103.8584,43.88243865966797,2103.8584,862.58125,4426220.0
0.348,360.67441195992564,8.917,-4312.9062,211.7818145751953,4312.9062,-126.2314453125,18601160.0
0.352,364.4768181225362,7.86407735987053,-3366.1729,32.5787467956543,3366.1729,-1262.3146484375,11331120.0
0.356,368.2744139316717,7.545000000000001,841.54297,28.426097869873047,841.54297,-1619.9703125,708194.56
0.36,371.85359678585286,7.269999999999997,6732.3438,27.04640769958496,6732.3438,-441.81015625,45324452.0
0.364,375.23311252017993,7.829999999999999,11045.254,26.585693359375,11045.254,2188.0123046875,121997630.0
0.368,378.51387413910754,7.974277482782143,10729.672,25.56853675842285,10729.672,5196.5279296875,115125860.0
0.372,381.96944973316687,7.831000000000002,5364.836,25.162517547607422,5364.836,6942.7296875,28781464.0
0.376,385.3155611413849,7.708408043599448,-3155.787,25.18634605407715,3155.787,6143.263671875,9958992.0
0.38,388.52291440637214,7.135999999999998,-10729.676,25.002513885498047,10729.676,2650.859765625,115125944.0
0.384,391.72207523758874,7.3759776768820915,-13780.27,24.924148559570312,13780.27,-2314.244921875,189895820.0
0.388,394.9604194775804,5.926999999999999,-11150.445,225.12841796875,11150.445,-6690.268359375,124332430.0
0.392,398.1596089966671,7.215876055528809,-4733.6797,24.71295738220215,4733.6797,-8709.971484375,22407724.0
0.396,401.5437155813044,10.208470197762379,2103.8574,24.729598999023438,2103.8574,-7658.042578125,4426216.0
0.4,405.1697697483572,7.865265392265021,6416.7656,24.761634826660156,6416.7656,-4228.754296875,41174880.0
0.404,409.0123123754037,9.158534480907257,7047.922,24.275548934936523,7047.922,-63.116015625,49673204.0
0.408,413.0101719400292,10.32567331394529,5049.258,23.830474853515625,5049.258,3176.824609375,25495004.0
0.412,417.15956035297114,8.819321021134,2103.8574,23.4168701171875,2103.8574,4544.33203125,4426216.0
0.416,421.3785470596154,9.605000000000002,0.0,20.524471282958984,0.0,4123.560546875,0.0
0.42,425.6579254381456,9.427999999999999,-631.1582,13.149683952331543,631.1582,2713.97578125,398360.7
0.424,429.9029016812525,9.968000000000002,-525.96484,1.0728329420089722,525.96484,1199.1984375,276639.03
0.428,434.053017730431,8.207117127556232,-736.3506,2.5160186290740967,736.3506,42.0767578125,542212.2
0.432,438.252941715772,8.764060576259988,-1683.0869,14.06872844696045,1683.0869,-715.312109375,2832781.5
0.436,442.2505465514819,7.269999999999997,-2945.4014,20.46000099182129,2945.4014,-1304.3923828125,8675389.0
0.44,445.6240339683344,6.749,-3471.3662,226.29798889160156,3471.3662,-1872.433984375,12050383.0
0.444,448.9426468485877,6.625,-2419.4375,25.076459884643555,2419.4375,-2251.128515625,5853678.0
0.448,452.3949775561603,9.09253815452043,105.19238,25.89920425415039,105.19238,-2082.819921875,11065.4375
0.452,456.3761419999852,9.084000000000001,2735.0146,24.930908203125,2735.0146,-1199.199609375,7480305.0
0.456,460.4716048105794,7.977000000000003,4312.9062,23.245758056640625,4312.9062,252.4619140625,18601160.0
0.46,464.42254964229704,10.112832168899354,4418.0977,22.68576431274414,4418.0977,1830.3546875,19519586.0
0.464,468.30458511494146,10.155,3155.7861,20.492568969726562,3155.7861,2945.3994140625,9958986.0
0.468,472.0666180822215,9.084000000000001,1577.8936,16.974119186401367,1577.8936,3239.9396484375,2489748.0
0.472,475.94814350179405,8.434,105.19238,14.690000534057617,105.19238,2713.9751953125,11065.4375
0.476,479.9570286539791,9.084000000000001,-1262.3154,13.254053115844727,1262.3154,1598.930859375,1593440.2
0.48,483.9355071780734,8.535898658641537,-2735.0156,13.290627479553223,2735.0156,168.308203125,7480310.5
0.484,488.06762656703677,8.126000000000001,-4418.1016,14.857690811157227,4418.1016,-1346.4693359375,19519622.0
0.488,492.03850282235504,8.653989543990443,-5890.801,16.73081398010254,5890.801,-2840.208203125,34701532.0
0.492,496.03833911447975,8.03412528057376,-6416.7656,231.61691284179688,6416.7656,-4144.5998046875,41174880.0
0.496,500.1942901403882,7.977000000000003,-5049.258,20.47374725341797,5049.258,-4901.98828125,25495004.0
0.5,504.3567358773773,8.366940609939657,-1472.7012,21.809816360473633,1472.7012,-4649.525390625,2168848.8
0.504,508.5160169691316,7.025982229562173,3260.9795,22.842504501342773,3260.9795,-3113.7091796875,10633987.0
0.508,512.625540373169,7.977000000000003,7258.3086,24.259960174560547,7258.3086,-483.8873046875,52683044.0
0.512,516.8760075028833,7.269999999999997,8310.238,25.143165588378906,8310.238,2461.5134765625,69060060.0
0.516,521.091124259502,7.474343194626,5785.6055,26.493221282958984,5785.6055,4628.4861328125,33473230.0
0.52,525.3125398713029,7.977000000000003,841.54297,28.570241928100586,841.54297,5091.3349609375,708194.56
0.524,529.5351217846609,7.63993646710918,-3471.3662,31.21417808532715,3471.3662,3744.8658203125,12050383.0
0.528,533.7277917484745,7.545000000000001,-4628.4883,213.0915985107422,4628.4883,1367.5064453125,21422904.0
0.532,537.9428394699306,6.876,-1788.2793,44.235660552978516,1788.2793,-652.1970703125,3197942.8
0.536,542.0760542384224,6.625,2945.4014,43.56151580810547,2945.4014,-1220.237890625,8675389.0
0.54,546.2465169953268,7.135999999999998,6416.7656,36.330772399902344,6416.7656,-105.193359375,41174880.0
0.544,550.4240723490457,6.989352973120617,5890.801,31.11545181274414,5890.801,1767.2400390625,34701532.0
0.548,554.60083355987,6.876,946.73535,27.78708267211914,946.73535,2882.284765625,896307.8
0.552,558.7601207329815,7.4060000000000015,-6101.1875,26.071571350097656,6101.1875,2019.703125,37224490.0
0.556,562.9889013944567,7.005,-11571.219,25.05860710144043,11571.219,-883.6208984375,133893100.0
0.56,567.1913405610858,6.141214834020808,-12623.148,226.09884643554688,12623.148,-4691.6037109375,159343870.0
0.564,571.4551024762819,7.135999999999998,-9046.59,23.045286178588867,9046.59,-7679.0818359375,81840780.0
0.568,575.5689416450284,7.686000000000003,-2735.0156,22.011005401611328,2735.0156,-8415.43203125,7480310.5
0.572,579.7073185037202,7.260193205022002,3681.751,20.952850341796875,3681.751,-6458.8443359375,13555290.0
0.576,583.9334747449246,7.686000000000003,8415.43,20.10732650756836,8415.43,-2461.5146484375,70819460.0
0.58,588.0257620090243,7.135999999999998,10729.672,19.25037384033203,10729.672,2209.0494140625,115125860.0
0.584,592.1695136939298,6.384,10624.48,19.3076114654541,10624.48,6143.2634765625,112879580.0
0.588,596.4474632626778,6.322006649958443,8099.8516,19.33922004699707,8099.8516,8310.2369140625,65607596.0
0.592,600.5832790757325,6.047363717588541,3892.1377,19.38292121887207,3892.1377,8352.3142578125,15148736.0
0.596,604.776777790997,6.720204460840687,-1157.1221,19.946935653686523,1157.1221,6437.80390625,1338931.5
0.6,609.0203603340506,6.0379999999999985,-5470.0312,19.74799156188965,5470.0312,3197.86328125,29921242.0
0.604,613.3141781673326,5.926999999999999,-7994.66,19.370092391967773,7994.66,-525.96484375,63914590.0
0.608,617.626523318154,5.817999999999999,-8415.43,230.892822265625,8415.43,-3829.02109375,70819460.0
0.612,621.9465275484466,5.760784476836054,-7047.922,18.863636016845703,7047.922,-6017.0330078125,49673204.0
0.616,626.2313602126987,5.892817368161009,-4312.9062,19.518470764160156,4312.9062,-6648.18984375,18601160.0
0.62,630.3742833412126,5.790483175096475,-525.96484,20.97905158996582,525.96484,-5659.3765625,276639.03
0.624,634.58644319309,5.107999999999999,3471.3662,22.727890014648438,3471.3662,-3366.1712890625,12050383.0
0.628,638.8049208103339,5.502000000000001,6311.5703,24.742708206176758,6311.5703,-420.7712890625,39835920.0
0.632,643.0285648126209,5.204,6521.957,26.97831153869629,6521.957,2293.2044921875,42535924.0
0.636,647.0622746608992,5.502000000000001,3681.751,28.647335052490234,3681.751,3892.1359375,13555290.0
0.64,651.297665682415,5.502000000000001,-841.54395,30.278160095214844,841.54395,3829.0201171875,708196.2
0.644,655.6315323860755,4.921999999999999,-4733.6797,32.298484802246094,4733.6797,2188.0109375,22407724.0
0.648,659.933487302059,5.204,-5470.0312,216.95399475097656,5470.0312,-168.309375,29921242.0
0.652,663.9668886095101,4.743000000000001,-2840.209,32.5877799987793,2840.209,-2040.742578125,8066787.0
0.656,668.0454591945743,4.358821947606883,1472.7002,32.13576889038086,1472.7002,-2482.552734375,2168845.8
0.66,672.0854862622875,4.832,4838.871,30.81175994873047,4838.871,-1346.4697265625,23414674.0
0.664,676.1872717675501,4.720980157852123,5470.0273,28.402494430541992,5470.0273,694.2716796875,29921200.0
0.668,680.2728960070924,3.776298244896024,3681.751,25.758243560791016,3681.751,2524.628125,13555290.0
0.672,684.2647749614607,4.088,841.54297,23.140846252441406,841.54297,3260.978515625,708194.56
0.676,688.2842729047668,4.447783158595108,-1998.665,21.484619140625,1998.665,2566.70546875,3994662.0
0.68,692.3463680912247,4.576637925828099,-4207.715,20.530040740966797,4207.715,757.38828125,17704864.0
0.684,696.4157464918428,4.655,-5470.0312,20.4853572845459,5470.0312,-1430.6234375,29921242.0
0.688,700.5263170003117,4.088,-5259.6445,227.48460388183594,5259.6445,-3218.9025390625,27663860.0
0.692,704.6748948964954,2.873,-2945.4014,24.51980972290039,2945.4014,-3976.29140625,8675389.0
0.696,708.9757208758194,3.3095265284963844,525.96387,25.628232955932617,525.96387,-3471.365625,276638.0
0.7,713.3206805766786,3.4999475418327988,3471.3662,27.311355590820312,3471.3662,-1935.5494140625,12050383.0
0.704,717.7006019017422,4.403,4312.9062,29.730300903320312,4312.9062,21.0380859375,18601160.0
0.708,722.2544013440661,4.57,2629.8213,32.28848648071289,2629.8213,1598.93125,6915960.0
0.712,726.7731073851937,4.673885979956533,-315.5791,35.751121520996094,315.5791,2124.895703125,99590.17
0.716,731.2728137104502,5.107999999999999,-2524.63,39.45286560058594,2524.63,1514.776953125,6373756.0
0.72,735.8967127461831,3.943898008195929,-2419.4375,209.98997497558594,2419.4375,336.6162109375,5853678.0
0.724,740.3855329658796,3.706324833590212,-315.5791,37.4133186340332,315.5791,-589.080859375,99590.17
0.728,744.6844853750184,4.655,2419.4365,34.90946960449219,2419.4365,-631.1578125,5853673.0
0.732,749.0739350903052,3.0940000000000007,3892.1377,32.783443450927734,3892.1377,210.385546875,15148736.0
0.736,753.1841805953267,3.3851919690992345,2945.4014,31.29127311706543,2945.4014,1304.391796875,8675389.0
0.74,757.3090684452425,3.719742772778397,-105.19336,31.068340301513672,105.19336,1767.240625,11065.643
0.744,761.4789328572573,5.301999999999999,-3366.1729,31.007274627685547,3366.1729,1157.121875,11331120.0
0.748,765.8523720994295,5.349151621564847,-4733.6797,218.50869750976562,4733.6797,-273.5013671875,22407724.0
0.752,770.309569204429,5.311473512390769,-3155.787,32.79018020629883,3155.787,-1683.086328125,9958992.0
0.756,774.7783267245993,6.013942664309999,525.96387,33.12044143676758,525.96387,-2166.973828125,276638.0
0.76,779.3310891463786,5.8931128304441085,4102.5195,32.4171028137207,4102.5195,-1325.43125,16830666.0
0.764,783.834195654334,5.817999999999999,5575.2227,31.02820587158203,5575.2227,462.8478515625,31083108.0
0.768,788.2981027810687,6.384,4102.5195,28.622360229492188,4102.5195,2230.0876953125,16830666.0
0.772,792.8387760121199,5.884734146787403,315.57812,26.80176544189453,315.57812,2924.3607421875,99589.555
0.776,797.2990513891451,5.817999999999999,-4312.9062,25.703542709350586,4312.9062,1956.58671875,18601160.0
0.78,801.7811782427959,5.906484284652813,-7679.082,24.419870376586914,7679.082,-399.73359375,58968300.0
0.784,806.365328363817,5.605000000000002,-8415.43,225.9950408935547,8415.43,-3197.8640625,70819460.0
0.788,810.8958927599963,5.613748421223345,-5890.801,23.8677921295166,5890.801,-5196.528125,34701532.0
0.792,815.5059704986119,5.49596979640155,-1262.3154,23.116329193115234,1262.3154,-5512.1068359375,1593440.2
0.796,819.9742890335312,5.502000000000001,3576.5576,22.592771530151367,3576.5576,-3934.2140625,12791764.0
0.8,824.5184491701342,5.301999999999999,6942.7305,22.18397331237793,6942.7305,-1009.8515625,48201508.0
0.804,829.0856823220568,5.605000000000002,7889.465,21.455169677734375,7889.465,2251.12734375,62243656.0
0.808,833.6836254170223,5.301999999999999,6627.1523,20.66429328918457,6627.1523,4754.71796875,43919148.0
0.812,838.2888269465952,5.014000000000001,3892.1377,20.307043075561523,3892.1377,5785.60859375,15148736.0
0.816,842.9013720322238,4.489526122793918,525.96387,20.2617130279541,525.96387,5175.48984375,276638.0
0.82,847.4545468590794,5.309727033957162,-2419.4375,20.061744689941406,2419.4375,3303.05625,5853678.0
0.824,852.1294060221755,4.461593001591245,-4102.5234,19.95893669128418,4102.5234,904.65859375,16830698.0
0.828,856.6185957622403,3.8803889488170595,-4102.5234,18.533082962036133,4102.5234,-1241.2765625,16830698.0
0.832,861.0441864880028,5.107999999999999,-3155.787,235.457275390625,3155.787,-2650.8615234375,9958992.0
0.836,865.665883200804,3.459000000000001,-2314.2441,8.912096977233887,2314.2441,-3218.903125,5355726.0
0.84,870.3328262188354,3.2913522556794486,-1998.665,4.667694091796875,1998.665,-3134.7486328125,3994662.0
0.844,874.8348281440209,4.485999999999999,-1893.4727,7.920799732208252,1893.4727,-2692.9384765625,3585238.8
0.848,879.3128622839977,4.820552567236791,-1367.5078,13.798223495483398,1367.5078,-2145.9353515625,1870077.6
0.852,883.6835687815301,4.655,-210.38574,17.10890769958496,210.38574,-1556.855078125,44262.16
0.856,888.1122221631273,5.514588828028385,1157.1211,17.403718948364258,1157.1211,-862.58203125,1338929.2
0.86,892.7661832965707,6.0379999999999985,2524.629,17.994211196899414,2524.629,42.0767578125,6373751.0
0.864,897.4058942145243,5.611247867386461,3681.751,20.10266876220703,3681.751,1157.121484375,13555290.0
0.868,902.0846328639061,6.142240732431014,3997.329,22.03561782836914,3997.329,2230.0888671875,15978640.0
0.872,906.9165158250454,7.4060000000000015,2840.208,24.00590705871582,2840.208,2840.2076171875,8066781.5
0.876,911.601880381906,7.4060000000000015,0.0,26.181001663208008,0.0,2608.7833984375,0.0
0.88,916.2404010344812,6.06395950688635,-3366.1729,27.902441024780273,3366.1729,1430.623046875,11331120.0
0.884,921.0620479521641,6.310783416439239,-5049.258,28.615087509155273,5049.258,-315.5787109375,25495004.0
0.888,925.7567267985985,6.859779395585204,-3997.331,220.77598571777344,3997.331,-1914.5107421875,15978656.0
0.892,930.5932818240732,7.274501177864717,-946.7363,30.418725967407227,946.7363,-2671.899609375,896309.7
0.896,935.4109316365442,6.503,1998.665,31.658226013183594,1998.665,-2272.1666015625,3994662.0
0.9,940.2801931633038,7.8591160499377715,3050.5928,33.792999267578125,3050.5928,-988.8134765625,9306116.0
0.904,945.0381133697506,8.126000000000001,1788.2793,37.30592346191406,1788.2793,378.6939453125,3197942.8
0.908,950.0841821805609,8.917,-525.96484,40.939109802246094,525.96484,1072.9671875,276639.03
0.912,954.9149737354667,7.4060000000000015,-1998.665,43.84205627441406,1998.665,862.5814453125,3994662.0
0.916,959.7657216578417,5.537306692421353,-1472.7012,206.70050048828125,1472.7012,168.308203125,2168848.8
0.92,964.6284833086472,3.6569999999999987,736.3496,38.781307220458984,736.3496,-294.5404296875,542210.75
0.924,969.3173939275669,3.0369999999999995,3050.5928,34.39560317993164,3050.5928,-42.077734375,9306116.0
0.928,973.8695042091422,3.320895228201588,3681.751,30.962106704711914,3681.751,799.4654296875,13555290.0
0.932,978.7437570077154,4.287431963905211,2209.0508,27.4046688079834,2209.0508,1641.00859375,4879905.5
0.936,983.2477522572746,3.121696309219158,-420.77246,25.156293869018555,420.77246,1851.3943359375,177049.47
0.94,987.4087621632899,4.168329622046527,-2735.0156,22.695650100708008,2735.0156,1157.1212890625,7480310.5
0.944,991.7257986087817,3.6569999999999987,-3786.9453,18.28827667236328,3786.9453,-210.386328125,14340955.0
0.948,995.9619218611581,4.243000000000001,-4102.5234,14.544792175292969,4102.5234,-1767.2412109375,16830698.0
0.952,1000.2624819333664,5.6447691506307285,-4312.9062,237.27841186523438,4312.9062,-3071.6326171875,18601160.0
0.956,1005.3824310928559,6.057852865082545,-4207.715,15.629084587097168,4207.715,-3829.02109375,17704864.0
0.96,1010.2704973066031,5.649339370802845,-2735.0156,18.694881439208984,2735.0156,-3829.02109375,7480310.5
0.964,1014.8863921333659,5.80343958269177,315.57812,20.555789947509766,315.57812,-3008.51640625,99589.555
0.968,1019.0859077603661,7.4060000000000015,4312.9062,22.573516845703125,4312.9062,-1325.43046875,18601160.0
0.972,1023.2485085935623,8.670098835635258,7153.1133,22.778364181518555,7153.1133,967.7734375,51167028.0
0.976,1027.05554448408,8.278999999999998,7573.8867,22.48859405517578,7573.8867,3324.09375,57363760.0
0.98,1030.2694925678027,5.7665309066452,5470.0273,22.096355438232422,5470.0273,4965.10234375,29921200.0
0.984,1033.9470518457445,8.09071111569606,2103.8574,20.829069137573242,2103.8574,5322.758203125,4426216.0
0.988,1037.2795005795253,6.749,-1157.1221,19.840797424316406,1157.1221,4228.7525390625,1338931.5
0.992,1040.2958393504878,6.493139260658951,-3260.9805,18.083927154541016,3260.9805,2145.9337890625,10633994.0
0.996,1044.1586977737043,7.32617102775672,-3997.331,15.081768989562988,3997.331,-168.309765625,15978656.0
1.0,1047.3363348974283,7.319415460497502,-3997.331,10.941716194152832,3997.331,-2061.7814453125,15978656.0
1.004,1051.038741172763,8.592,-4207.715,8.420835494995117,4207.715,-3324.0958984375,17704864.0
1.008,1054.3665269921144,7.977000000000003,-4733.6797,238.57774353027344,4733.6797,-4039.407421875,22407724.0
1.012,1058.4185912543876,7.269999999999997,-4733.6797,15.74781608581543,4733.6797,-4333.947265625,22407724.0
1.016,1061.7520370796453,8.50978141416032,-3050.5947,19.552743911743164,3050.5947,-4144.6,9306128.0
1.02,1065.6378436422012,7.054575171292811,736.3496,22.07663345336914,736.3496,-3197.8638671875,542210.75
1.024,1068.7931723847764,7.554626937465043,5364.836,23.491031646728516,5364.836,-1283.3537109375,28781464.0
1.028,1071.9199306029047,7.545000000000001,8520.621,23.920337677001953,8520.621,1367.5064453125,72600984.0
1.032,1075.403189692965,8.43903971486727,8625.816,23.779451370239258,8625.816,4039.4056640625,74404710.0
1.036,1078.8000173893652,8.278973394271796,5680.414,23.2033634185791,5680.414,5785.607421875,32267104.0
1.04,1081.8474225804334,9.084000000000001,1051.9287,22.245328903198242,1051.9287,5848.7232421875,1106554.0
1.044,1085.1284900024932,9.084000000000001,-3892.1377,21.836669921875,3892.1377,3997.328515625,15148736.0
1.048,1088.3554976481403,4.3142037629865895,-7889.465,21.713407516479492,7889.465,715.311328125,62243656.0
1.052,1091.7213212262948,4.941615528191581,-9888.133,22.00851058959961,9888.133,-2987.478515625,97775170.0
1.056,1096.0236134996298,3.7950000000000013,-8836.203,226.871826171875,8836.203,-5890.801953125,78078490.0
1.06,1100.3319233926404,4.012999999999999,-4312.9062,24.12013816833496,4312.9062,-6963.7689453125,18601160.0
1.064,1104.6414166709158,4.389923340314462,1998.665,24.461956024169922,1998.665,-5785.6083984375,3994662.0
1.068,1108.9557943913023,4.679549532170723,7258.3086,24.250150680541992,7258.3086,-2756.0537109375,52683044.0
1.072,1113.2644477399676,6.749,9467.359,24.029708862304688,9467.359,1115.0447265625,89630900.0
1.076,1116.7647606604494,6.871090509705168,8099.8516,23.414817810058594,8099.8516,4502.2556640625,65607596.0
1.08,1119.9943277644256,6.560539936299239,4523.293,22.107065200805664,4523.293,6269.4955078125,20460180.0
1.084,1123.2900330414914,6.27776101104231,420.77148,21.245906829833984,420.77148,5953.916796875,177048.64
1.088,1126.6516212545666,7.283754774697933,-2735.0156,19.69306755065918,2735.0156,3955.251953125,7480310.5
1.092,1129.9707649350112,6.266,-4312.9062,16.97714614868164,4312.9062,1199.198828125,18601160.0
1.096,1133.138752375781,6.266,-4838.871,14.915273666381836,4838.871,-1388.545703125,23414674.0
1.1,1136.3616409044494,7.886387870472011,-4838.871,13.001435279846191,4838.871,-3260.978515625,23414674.0
1.104,1139.6769759765077,9.310347239979334,-4733.6797,237.06065368652344,4733.6797,-4291.86875,22407724.0
1.108,1142.8691432827486,7.545000000000001,-4102.5234,15.698079109191895,4102.5234,-4565.3703125,16830698.0
1.112,1146.0829047333953,5.301999999999999,-2209.0518,18.72600746154785,2209.0518,-4144.5994140625,4879909.5
1.116,1149.2856890239243,6.350655425738211,841.54297,20.75904655456543,841.54297,-3008.5166015625,708194.56
1.12,1152.6052881014639,6.377760040258669,4102.5195,22.766761779785156,4102.5195,-1220.2384765625,16830666.0
1.124,1155.9927475776276,8.753,5890.801,24.50066375732422,5890.801,904.6576171875,34701532.0
1.128,1159.3329547155004,8.647874457574249,5049.258,25.765029907226562,5049.258,2735.0138671875,25495004.0
1.132,1162.8149297964178,7.024558033300635,2103.8574,27.3237361907959,2103.8574,3597.595703125,4426216.0
1.136,1166.2420938706443,6.876,-841.54395,29.557628631591797,841.54395,3260.9783203125,708196.2
1.14,1169.4805218133768,8.126000000000001,-1788.2793,38.97334671020508,1788.2793,2082.8185546875,3197942.8
1.144,1172.8099789272264,7.6719297126174695,105.19238,171.19569396972656,105.19238,925.696875,11065.4375
1.148,1176.2570053883771,8.278999999999998,2945.4014,57.812042236328125,2945.4014,504.9255859375,8675389.0
1.152,1179.7103792900568,7.545000000000001,3366.1729,34.512447357177734,3366.1729,757.388671875,11331120.0
1.156,1182.9483571090827,6.042680075669687,-210.38574,30.740829467773438,210.38574,883.6203125,44262.16
1.16,1186.121469266028,4.012999999999999,-6311.574,30.373271942138672,6311.574,-21.038671875,39835970.0
1.164,1189.9804664054004,8.371236203789598,-10203.711,30.01569175720215,10203.711,-2082.8193359375,104115720.0
1.168,1193.391314443505,3.157124478339146,-8205.047,219.363525390625,8205.047,-4312.908984375,67322790.0
1.172,1197.2256828906134,4.088,-315.5791,31.70806121826172,315.5791,-5049.259375,99590.17
1.176,1200.4469369686562,5.502000000000001,8205.043,32.29315948486328,8205.043,-3366.1736328125,67322730.0
1.18,1204.1095542360285,8.917,11466.023,33.248958587646484,11466.023,189.3458984375,131469700.0
1.184,1207.6080584765734,6.994604565204103,6837.535,34.377357482910156,6837.535,3597.5951171875,46751890.0
1.188,1211.0769007627011,7.254292518643575,-2314.2441,34.78694152832031,2314.2441,4775.7556640625,5355726.0
1.192,1214.4875403423728,7.893904449930977,-9151.781,34.931800842285156,9151.781,3008.515234375,83755100.0
1.196,1217.8616343654166,8.278999999999998,-8941.395,214.778564453125,8941.395,-420.772265625,79948536.0
1.2,1221.069449626123,8.655544307361197,-2419.4375,35.459537506103516,2419.4375,-3197.864453125,5853678.0
1.204,1224.4832710068006,8.753,4838.871,35.62575149536133,4838.871,-3597.597265625,23414674.0
1.208,1227.7961355870773,7.691564754616502,7468.6953,35.73556900024414,7468.6953,-1641.009375,55781410.0
1.212,1231.2304460278262,7.600751122079815,4418.0977,35.719215393066406,4418.0977,1072.96640625,19519586.0
1.216,1234.730054090131,6.711732928234635,-946.7363,35.134517669677734,946.7363,2671.898046875,896309.7
1.22,1238.3050697872338,9.419178570224807,-4207.715,33.69607925415039,4207.715,2314.242578125,17704864.0
1.224,1241.5873961646714,8.816145214938384,-3892.1377,218.10397338867188,3892.1377,568.0408203125,15148736.0
1.228,1244.8248751954125,7.135999999999998,-1683.0869,28.634532928466797,1683.0869,-1262.315625,2832781.5
1.232,1248.0558946227377,7.195101205521557,-210.38574,20.0014591217041,210.38574,-2188.0123046875,44262.16
1.236,1251.6024633571737,7.696838771622642,0.0,4.319383144378662,0.0,-1998.6650390625,0.0
1.24,1254.7609692451156,8.339497670073287,315.57812,6.121400356292725,315.57812,-1094.0064453125,99589.555
1.244,1258.0214196330678,5.068159482488423,1893.4717,20.788047790527344,1893.4717,63.1154296875,3585235.0
1.248,1261.4154938754468,7.156761793083702,3892.1377,26.06187629699707,3892.1377,1178.1603515625,15148736.0
1.252,1264.6319203011979,7.686000000000003,4418.0977,27.914257049560547,4418.0977,2103.85703125,19519586.0
1.256,1268.2114596613008,9.80597118019088,2103.8574,28.815166473388672,2103.8574,2524.628515625,4426216.0
1.26,1271.8812460034744,8.25030638529737,-1893.4727,28.268714904785156,1893.4727,2082.818359375,3585238.8
1.264,1275.5755630401388,9.084000000000001,-5049.258,27.94991111755371,5049.258,694.2724609375,25495004.0
1.268,1279.2420764974142,8.97545358711018,-5364.836,222.0,5364.836,-1157.122265625,28781464.0
1.272,1282.9051810125995,3.527419468307191,-3050.5947,27.149621963500977,3050.5947,-2650.8607421875,9306128.0
1.276,1286.2899390802202,9.463917483635944,-210.38574,26.565473556518555,210.38574,-3113.709375,44262.16
1.28,1289.9466570215181,7.135999999999998,1262.3145,25.33202362060547,1262.3145,-2482.551953125,1593437.8
1.284,1293.4479896463235,7.612665401306436,946.73535,16.091930389404297,946.73535,-1283.3533203125,896307.8
1.288,1296.9576994051051,8.190719910198057,315.57812,20.68082046508789,315.57812,-147.2705078125,99589.555
1.292,1300.251036703466,7.828483192913988,631.1572,0.36559534072875977,631.1572,589.0798828125,398359.44
1.296,1303.629708647632,7.4060000000000015,1893.4717,23.71236801147461,1893.4717,1009.8513671875,3585235.0
1.3,1306.9523528594318,6.205794211661057,2735.0146,28.328472137451172,2735.0146,1304.39140625,7480305.0
1.304,1310.2239757702328,7.6188678433357095,1893.4717,29.76760482788086,1893.4717,1493.738671875,3585235.0
1.308,1313.6238693650116,7.941912033414496,-525.96484,30.329668045043945,525.96484,1325.430078125,276639.03
1.312,1316.9999264672645,8.592,-2840.209,30.16092872619629,2840.209,631.1568359375,8066787.0
1.316,1320.3816764710443,9.222850000753402,-3366.1729,219.95555114746094,3366.1729,-420.7720703125,11331120.0
1.32,1324.0114915648978,9.02746150069478,-1893.4727,29.958677291870117,1893.4727,-1346.46953125,3585238.8
1.324,1327.502849857732,5.77830628581601,0.0,28.95465660095215,0.0,-1725.1638671875,0.0
1.328,1330.973369701973,8.961472597711316,736.3496,26.79619789123535,736.3496,-1472.7009765625,542210.75
1.332,1334.423217359311,7.135999999999998,210.38574,8.889419555664062,210.38574,-862.58203125,44262.16
1.336,1337.7076147660127,5.301999999999999,-420.77246,57.685630798339844,420.77246,-273.501953125,177049.47
1.34,1341.1150368543347,7.210754793868809,210.38574,27.111818313598633,210.38574,147.2697265625,44262.16
1.344,1344.4834906415163,7.383547272459061,1683.0859,28.13347625732422,1683.0859,483.8869140625,2832778.2
1.348,1347.7938874136632,8.434,2735.0146,27.305511474609375,2735.0146,883.619921875,7480305.0
1.352,1351.0321881064413,8.07514107983432,2419.4365,26.457963943481445,2419.4365,1325.430078125,5853673.0
1.356,1354.4020088560262,4.164216546155123,1051.9287,23.220823287963867,1051.9287,1619.9703125,1106554.0
1.36,1357.7354427366722,4.743000000000001,-210.38574,17.865686416625977,210.38574,1535.816015625,44262.16
1.364,1361.0615884836668,4.541669297509259,-946.7363,11.255658149719238,946.7363,1009.8515625,896309.7
1.368,1364.6206184527682,4.165,-1893.4727,10.282005310058594,1893.4727,84.1541015625,3585238.8
1.372,1368.117161533061,4.655,-3681.752,16.53624725341797,3681.752,-1136.08359375,13555297.0
1.376,1371.604561929423,5.400999999999998,-5364.836,20.510297775268555,5364.836,-2419.4365234375,28781464.0
1.38,1375.1859883597717,7.686000000000003,-5470.0312,227.3911590576172,5470.0312,-3471.365625,29921242.0
1.384,1379.2137052891194,5.710999999999999,-2945.4014,24.159862518310547,2945.4014,-3871.0986328125,8675389.0
1.388,1383.1823931970407,6.625,1683.0859,25.087730407714844,1683.0859,-3155.7869140625,2832778.2
1.392,1387.2316790548211,6.150999999999998,6206.379,25.437602996826172,6206.379,-1178.1607421875,38519140.0
1.396,1391.1173516168344,6.286474907880794,8310.238,25.37839126586914,8310.238,1556.8541015625,69060060.0
1.4,1394.9681662006292,5.502000000000001,7047.922,25.256860733032227,7047.922,4060.4447265625,49673204.0
1.404,1398.5930090473803,4.649057690284598,3050.5928,25.109464645385742,3050.5928,5259.6435546875,9306116.0
1.408,1402.6465414687746,5.249610639411785,-1893.4727,24.907880783081055,1893.4727,4544.3318359375,3585238.8
1.412,1407.1904361318204,3.609605929744883,-5785.6094,24.85215950012207,5785.6094,2145.9341796875,33473276.0
1.416,1411.0612481152866,6.0379999999999985,-7153.117,24.799667358398438,7153.117,-946.7369140625,51167084.0
1.42,1415.3580776123608,5.601680479713715,-5785.6094,225.58279418945312,5785.6094,-3513.4431640625,33473276.0
1.424,1419.919935337196,5.213768315220359,-2629.8232,24.41145896911621,2629.8232,-4649.5263671875,6915970.5
1.428,1424.452767337834,4.535973691324812,1367.5068,25.727685928344727,1367.5068,-3997.33046875,1870075.0
1.432,1428.7852273603685,10.70775017351301,4838.871,27.39542579650879,4838.871,-1872.434375,23414674.0
1.436,1433.1304841956285,10.345,6206.379,28.990808486938477,6206.379,799.46484375,38519140.0
1.44,1437.1799687953992,10.155,4312.9062,31.087247848510742,4312.9062,2819.16796875,18601160.0
1.444,1441.199805052024,8.753,-736.3506,32.9080696105957,736.3506,3197.8625,542212.2
1.448,1445.223688209482,7.506438008229841,-6101.1875,33.98213577270508,6101.1875,1704.1236328125,37224490.0
1.452,1449.2607379964134,7.858752815793284,-7679.082,215.28717041015625,7679.082,-799.4669921875,58968300.0
1.456,1453.3743264481275,9.968000000000002,-3471.3662,35.25300216674805,3471.3662,-2735.016015625,12050383.0
1.46,1457.4969806642691,8.144931235036053,4102.5195,35.68681716918945,4102.5195,-2777.093359375,16830666.0
1.464,1461.4102521066206,8.311089093680836,9362.164,35.82101821899414,9362.164,-757.3904296875,87650110.0
1.468,1465.6690673484138,5.301999999999999,7784.2734,35.175209045410156,7784.2734,2019.7017578125,60594910.0
1.472,1469.79138221362,11.582700596467339,315.57812,33.96363067626953,315.57812,3618.6337890625,99589.555
1.476,1474.1213135264934,9.084000000000001,-7784.2734,32.74482345581055,7784.2734,2756.05234375,60594910.0
1.48,1478.4490221812616,9.605000000000002,-11045.254,218.57769775390625,11045.254,-273.50234375,121997630.0
1.484,1482.5364037076242,9.48396473728586,-7889.465,30.004186630249023,7889.465,-3723.828125,62243656.0
1.488,1486.5341599228764,9.427999999999999,-841.54395,28.884374618530273,841.54395,-5448.9916015625,708196.2
1.492,1490.6818441411908,8.251221536042486,5995.992,27.80280113220215,5995.992,-4312.9087890625,35951924.0
1.496,1494.831814186939,5.644508349325977,9572.551,26.76321792602539,9572.551,-841.5439453125,91633730.0
1.5,1499.1233626174628,11.095106634170993,8941.395,26.122480392456055,8941.395,3155.7857421875,79948536.0
1.504,1503.4083990575111,9.784999999999998,4944.0625,25.174409866333008,4944.0625,5722.4912109375,24443754.0
1.508,1507.871670074286,11.143,-525.96484,24.542495727539062,525.96484,5785.60703125,276639.03
1.512,1512.0914030375152,4.489610724237794,-5890.801,25.212081909179688,5890.801,3408.2484375,34701532.0
1.516,1516.5353968463326,8.083898475940764,-8941.395,25.96290397644043,8941.395,-294.540625,79948536.0
1.52,1521.4262044136758,9.92004592299375,-8099.8516,223.12158203125,8099.8516,-3702.78984375,65607596.0
1.524,1525.9125670322967,10.937999999999999,-3471.3662,28.054027557373047,3471.3662,-5385.8755859375,12050383.0
1.528,1530.3640850440433,9.427999999999999,2419.4365,28.928876876831055,2419.4365,-4796.7953125,5853673.0
1.532,1534.875362962463,9.784999999999998,6416.7656,30.585054397583008,6416.7656,-2335.28203125,41174880.0
1.536,1539.1429814098942,10.236664678827172,6101.1875,32.6602668762207,6101.1875,673.234375,37224490.0
1.54,1543.382951100821,7.11366594205593,2103.8574,33.758399963378906,2103.8574,2713.976171875,4426216.0
1.544,1547.634298342266,12.002,-2103.8584,34.93794250488281,2103.8584,2987.477734375,4426220.0
1.548,1552.1711174503448,11.781000000000004,-3471.3662,37.414798736572266,3471.3662,1809.3171875,12050383.0
1.552,1556.8537703106608,12.69,-1472.7012,208.069580078125,1472.7012,231.423828125,2168848.8
1.556,1561.5100606950148,11.781000000000004,946.73535,54.9251823425293,946.73535,-799.4666015625,896307.8
1.56,1566.1101019953792,13.271584745204466,841.54297,72.1002426147461,841.54297,-1051.9294921875,708194.56
1.564,1570.5269352824573,10.592331859273687,-1577.8936,53.19813919067383,1577.8936,-946.7365234375,2489748.0
1.568,1575.4267482895245,9.149175152976172,-3366.1729,207.8783416748047,3366.1729,-925.6978515625,11331120.0
1.572,1580.2442929598576,12.822025685133529,-1577.8936,39.4323844909668,1577.8936,-946.736328125,2489748.0
1.576,1584.8115252376806,7.120901938658248,2945.4014,38.29756164550781,2945.4014,-547.003125,8675389.0
1.58,1589.5104401712047,8.917,6206.379,37.98853302001953,6206.379,525.9640625,38519140.0
1.584,1594.899497133061,6.266593383006175,4312.9062,37.797203063964844,4312.9062,1704.1240234375,18601160.0
1.588,1600.1914494188575,9.952352436537563,-2209.0518,36.514434814453125,2209.0518,1935.5482421875,4879909.5
1.592,1605.2762970330912,10.345,-8205.047,35.00519943237305,8205.047,610.117578125,67322790.0
1.596,1610.064449896692,9.968000000000002,-8731.012,215.69117736816406,8731.012,-1725.1650390625,76230570.0
1.6,1614.8511147718225,10.247881933566887,-2735.0156,33.808414459228516,2735.0156,-3513.4439453125,7480310.5
1.604,1619.6891334875022,10.155,5470.0273,33.30182647705078,5470.0273,-3282.0197265625,29921200.0
1.608,1624.4348574466771,9.969742872333347,9993.324,32.99423599243164,9993.324,-841.54453125,99866530.0
1.612,1629.1478020571244,8.064368763440482,7889.465,32.482242584228516,7889.465,2377.3578125,62243656.0
1.616,1634.363712503535,10.61084924303174,1262.3145,31.714702606201172,1262.3145,4376.023046875,1593437.8
1.62,1639.5131920293782,9.084000000000001,-5154.449,30.809188842773438,5154.449,3892.136328125,26568346.0
1.624,1644.8441200786394,7.912143484423592,-7784.2734,29.92637825012207,7784.2734,1241.276171875,60594910.0
1.628,1649.7489564301172,9.167225931199857,-5995.992,220.60784912109375,5995.992,-1956.587109375,35951924.0
1.632,1654.6630728149769,8.917,-1788.2793,28.43256187438965,1788.2793,-3892.1359375,3197942.8
1.636,1659.4560630157819,8.278999999999998,1893.4717,26.837961196899414,1893.4717,-3765.9044921875,3585235.0
1.64,1664.275383999999,7.940525840042825,3681.751,25.558488845825195,3681.751,-1998.664453125,13555290.0
1.644,1669.536813762346,6.0379999999999985,3576.5576,23.66295051574707,3576.5576,273.5017578125,12791764.0
1.648,1673.9486565029738,9.69741829466158,2524.629,20.155895233154297,2524.629,1977.6259765625,6373751.0
1.652,1678.6806048144606,8.035573460279199,1577.8936,14.434600830078125,1577.8936,2650.860546875,2489748.0
1.656,1683.2320959483652,8.917,1051.9287,10.394309043884277,1051.9287,2482.551953125,1106554.0
1.66,1687.6192860630663,6.454394130250343,210.38574,13.344813346862793,210.38574,1788.27890625,44262.16
1.664,1692.580542575847,5.3817371501009506,-1683.0869,17.71781349182129,1683.0869,736.35,2832781.5
1.668,1697.6619335517353,7.374682732682275,-4733.6797,21.768342971801758,4733.6797,-715.31171875,22407724.0
1.672,1702.1565514265792,6.734055919244799,-7363.5,24.314115524291992,7363.5,-2503.5904296875,54221132.0
1.676,1705.7543199997383,5.817999999999999,-7153.117,224.27288818359375,7153.117,-4144.599609375,51167084.0
1.68,1709.5067099254543,6.384,-2735.0156,26.913036346435547,2735.0156,-4733.6798828125,7480310.5
1.684,1713.5455558618435,8.753,4418.0977,27.67510986328125,4418.0977,-3513.44296875,19519586.0
1.688,1718.2407269038506,6.625,10203.711,27.83828353881836,10203.711,-525.96484375,104115720.0
1.692,1722.365570375654,10.736999999999997,11150.445,27.78339385986328,11150.445,3176.82421875,124332430.0
1.696,1726.4978865691382,9.877944356393078,6627.1523,27.78961944580078,6627.1523,5932.878125,43919148.0
1.7,1730.535329275868,11.640664528645774,-631.1582,27.290775299072266,631.1582,6353.649609375,398360.7
1.704,1734.9548407884947,10.937999999999999,-6416.7656,26.0443172454834,6416.7656,4186.676953125,41174880.0
1.708,1739.6074878034397,8.753,-8625.816,24.891000747680664,8625.816,420.771484375,74404710.0
1.712,1744.0583732995776,9.084000000000001,-7363.5,226.1971435546875,7363.5,-3282.017578125,54221132.0
1.716,1748.5140351646446,6.749,-4207.715,22.421215057373047,4207.715,-5448.991015625,17704864.0
1.72,1752.7344282646673,6.0379999999999985,-525.96484,22.251537322998047,525.96484,-5427.95234375,276639.03
1.724,1756.7102603117512,7.392045975998468,2945.4014,23.557056427001953,2945.4014,-3555.5189453125,8675389.0
1.728,1761.0369527009889,6.473056009397694,5049.258,24.89085578918457,5049.258,-820.5041015625,25495004.0
1.732,1765.2900697578586,6.7744214199196895,4944.0625,26.286205291748047,4944.0625,1641.0083984375,24443754.0
1.736,1769.3593616294208,6.314031576727464,2735.0146,27.350866317749023,2735.0146,3029.554296875,7480305.0
1.74,1772.7918649470553,6.974086798751503,-105.19336,27.250362396240234,105.19336,3113.70859375,11065.643
1.744,1776.3125365167552,11.405781656802548,-1998.665,26.547731399536133,1998.665,2124.8953125,3994662.0
1.748,1780.4147477949778,11.98562994759004,-2314.2441,23.700984954833984,2314.2441,652.194921875,5355726.0
1.752,1784.396962728989,11.130668679628874,-1893.4727,232.77284240722656,1893.4727,-715.312109375,3585238.8
1.756,1788.6836881744712,11.781000000000004,-1577.8936,14.738448143005371,1577.8936,-1577.89375,2489748.0
1.76,1792.6352636940398,9.849532560124313,-1157.1221,17.552579879760742,1157.1221,-1788.2794921875,1338931.5
1.764,1796.0860839450795,7.956543399287546,0.0,24.134340286254883,0.0,-1388.546484375,0.0
1.768,1799.805343390897,12.239236365111015,2103.8574,30.317710876464844,2103.8574,-504.926171875,4426216.0
1.772,1803.9567758000314,8.502294235961495,3576.5576,32.598602294921875,3576.5576,589.0798828125,12791764.0
1.776,1808.1686611443004,10.345,2735.0146,33.51744842529297,2735.0146,1451.6615234375,7480305.0
1.78,1812.262559713736,14.185,-631.1582,33.905372619628906,631.1582,1556.854296875,398360.7
1.784,1817.0614609825595,8.434,-4312.9062,33.671016693115234,4312.9062,694.273046875,18601160.0
1.788,1821.034474102129,10.472120241858859,-5364.836,216.2332000732422,5364.836,-799.465625,28781464.0
1.792,1825.430496766741,12.261766314072071,-2524.63,34.1048698425293,2524.63,-2019.703125,6373756.0
1.796,1830.1109247649297,13.224405329429432,2314.2432,34.39833068847656,2314.2432,-2103.857421875,5355721.5
1.8,1834.0362432446873,14.090405131351483,5575.2227,34.68852615356445,5575.2227,-862.58125,31083108.0
1.804,1838.4159964329406,9.997913329575114,4838.871,34.043514251708984,4838.871,967.77421875,23414674.0
1.808,1842.1748966899404,10.250360521144469,1051.9287,32.50072479248047,1051.9287,2251.1271484375,1106554.0
1.812,1845.731446583084,10.155,-3050.5947,31.22665786743164,3050.5947,2145.9341796875,9306128.0
1.816,1849.2840265474372,12.965815489759915,-4838.871,29.287242889404297,4838.871,715.311328125,23414674.0
1.82,1853.0376286723326,14.722000000000003,-3997.331,223.84988403320312,3997.331,-1199.1994140625,15978656.0
1.824,1857.6424587059682,16.63480259850717,-1998.665,23.305667877197266,1998.665,-2566.706640625,3994662.0
1.828,1862.761150975204,19.450999999999997,-315.5791,18.46567153930664,315.5791,-2840.208203125,99590.17
1.832,1868.0754062120923,12.002,736.3496,14.082682609558105,736.3496,-2082.8193359375,542210.75
1.836,1872.1545162665197,10.82842230426105,1998.665,17.08164405822754,1998.665,-715.312109375,3994662.0
1.84,1875.7206215728354,14.450999999999995,3260.9795,19.639802932739258,3260.9795,736.35,10633987.0
1.844,1879.7529265079893,10.736999999999997,3997.329,23.482192993164062,3997.329,1935.548828125,15978640.0
1.848,1883.8702031862274,9.50041318360595,2840.208,27.107147216796875,2840.208,2566.70625,8066781.5
1.852,1887.2619948591505,4.500665262191942,0.0,27.658233642578125,0.0,2419.436328125,0.0
1.856,1890.6982196709762,4.722008756016315,-2840.209,28.118194580078125,2840.209,1451.6615234375,8066787.0
1.86,1894.449201201091,4.115333333333334,-3892.1377,28.885751724243164,3892.1377,21.0380859375,15148736.0
1.864,1897.8481853311594,4.058788162378449,-2629.8232,221.0198974609375,2629.8232,-1304.3923828125,6915970.5
1.868,1901.5084826009231,2.958027039178,-525.96484,29.141267776489258,525.96484,-1977.626953125,276639.03
1.872,1904.8989433844054,3.6456666666666666,420.77148,27.877857208251953,420.77148,-1893.47265625,177048.64
1.876,1908.31877807085,4.367340224820412,-210.38574,163.32875061035156,210.38574,-1367.5080078125,44262.16
1.88,1912.0134876769544,5.3025278985212205,-1262.3154,227.84640502929688,1262.3154,-841.5435546875,1593440.2
1.884,1915.5135812602969,37.88284756024625,-946.7363,30.377103805541992,946.7363,-504.926171875,896309.7
1.888,1918.7436012985597,22.26854975610279,1051.9287,29.679214477539062,1051.9287,-189.3474609375,1106554.0
1.892,1922.475589295181,22.46446986045746,3260.9795,28.56922721862793,3260.9795,378.694140625,10633987.0
1.896,1928.1141954941488,24.065736918248064,4102.5195,28.035097122192383,4102.5195,1241.2751953125,16830666.0
1.9,1934.152955826531,29.132,2945.4014,26.675893783569336,2945.4014,2082.8185546875,8675389.0
1.904,1942.3070477463796,28.046986016102508,210.38574,26.459495544433594,210.38574,2314.24296875,44262.16
1.908,1950.7180149086125,31.048529684170607,-2945.4014,26.42226791381836,2945.4014,1514.776953125,8675389.0
1.912,1959.094169036032,28.61833543521423,-4944.0664,26.107011795043945,4944.0664,-126.2322265625,24443792.0
1.916,1967.2332164554746,36.980000000000004,-4733.6797,222.54672241210938,4733.6797,-1893.4720703125,22407724.0
1.92,1976.2142212762417,37.663999999999994,-2103.8584,28.83519744873047,2103.8584,-2903.3240234375,4426220.0
1.924,1985.976738870211,37.40001828647998,1472.7002,31.41889762878418,1472.7002,-2650.8611328125,2168845.8
1.928,1995.6450533342659,37.739362920259936,3681.751,36.32181167602539,3681.751,-1325.4306640625,13555290.0
1.932,2004.6860571279985,31.351,2629.8213,40.953861236572266,2629.8213,189.346875,6915960.0
1.936,2012.1152758478743,47.809999999999995,-841.54395,43.42814254760742,841.54395,967.7740234375,708196.2
1.94,2020.6044686752425,36.94992581557537,-4207.715,41.5119514465332,4207.715,547.002734375,17704864.0
1.944,2028.8112585399995,35.5740446609339,-4312.9062,213.38673400878906,4312.9062,-610.1185546875,18601160.0
1.948,2037.2476217160488,35.647,-736.3506,32.99794387817383,736.3506,-1493.7388671875,542212.2
1.952,2046.2781521171717,36.02122969244314,4523.293,31.774890899658203,4523.293,-1115.04453125,20460180.0
1.956,2055.323806071161,38.53102310511627,7679.078,30.723236083984375,7679.078,589.0798828125,58968240.0
1.96,2064.4471354503858,40.58209585278895,6416.7656,30.208206176757812,6416.7656,2713.9759765625,41174880.0
1.964,2073.1291791241247,32.52300000000001,1262.3145,30.55204200744629,1262.3145,3829.0201171875,1593437.8
1.968,2082.390182052325,24.383702242164755,-4207.715,30.89219093322754,4207.715,3134.747265625,17704864.0
1.972,2092.21938219187,55.368000000000016,-6206.379,32.248863220214844,6206.379,988.812890625,38519140.0
1.976,2101.2985434228112,50.48849029475957,-3576.5586,214.73570251464844,3576.5586,-1262.314453125,12791771.0
1.98,2109.6668848635977,32.32695839259205,736.3496,41.802154541015625,736.3496,-2398.39765625,542210.75
1.984,2119.011735685199,62.36428134545861,2524.629,55.89851379394531,2524.629,-2145.934765625,6373751.0
1.988,2127.618199228222,47.809999999999995,210.38574,57.51899719238281,210.38574,-1262.3146484375,44262.16
1.992,2137.7336042139586,50.8273139152033,-3471.3662,43.927734375,3471.3662,-715.312109375,12050383.0
1.996,2147.6052887290894,16.016241406876656,-4418.1016,211.8609619140625,4418.1016,-883.620703125,19519622.0
2.0,2157.035823013871,16.190849199874425,-1051.9297,37.45171356201172,1051.9297,-1241.2765625,1106556.1
2.004,2166.410624711688,13.729999999999999,3366.1729,38.33197021484375,3366.1729,-1072.9677734375,11331120.0
2.008,2175.8932713061836,12.995000000000003,4523.293,41.17219924926758,4523.293,-210.386328125,20460180.0
2.012,2185.344247429482,14.776000000000002,1051.9287,44.503562927246094,1051.9287,694.27265625,1106554.0
2.016,2195.0355370907423,13.480999999999996,-3681.752,44.04987716674805,3681.752,841.542578125,13555297.0
2.02,2204.507334045823,15.070388647387864,-4944.0664,209.28652954101562,4944.0664,63.115234375,24443792.0
2.024,2213.987631543838,14.624426268742958,-1577.8936,38.07540512084961,1577.8936,-925.698046875,2489748.0
2.028,2223.065473882689,20.057289149459475,3366.1729,36.520267486572266,3366.1729,-1157.1220703125,11331120.0
2.032,2233.176528550646,47.809999999999995,5680.414,36.35787582397461,5680.414,-231.425,32267104.0
2.036,2243.549557695663,43.218992526593155,3366.1729,37.80039596557617,3366.1729,1178.1599609375,11331120.0
2.04,2253.380668166434,54.362,-1788.2793,38.83219909667969,1788.2793,1809.3173828125,3197942.8
2.044,2264.046489942781,41.28300000000001,-5575.2227,38.40129852294922,5575.2227,1009.8515625,31083108.0
2.048,2273.920484610232,39.94676673134002,-5154.449,212.9253387451172,5154.449,-694.2728515625,26568346.0
2.052,2283.9474730190127,33.738,-315.5791,34.74538040161133,315.5791,-1893.471484375,99590.17
2.056,2293.41832126762,34.363,5995.992,31.949932098388672,5995.992,-1367.5076171875,35951924.0
2.06,2302.7970611685046,39.072,9993.324,29.88840103149414,9993.324,988.8130859375,99866530.0
2.064,2312.9027379643417,39.08185667165577,8941.395,28.407398223876953,8941.395,3892.1365234375,79948536.0
2.068,2322.1803874598477,41.28300000000001,2840.208,27.242849349975586,2840.208,5491.06796875,8066781.5
2.072,2331.7707617452143,59.90749795040065,-5680.414,26.716270446777344,5680.414,4418.1009765625,32267104.0
2.076,2342.064132555297,52.347908430248985,-12307.57,26.443740844726562,12307.57,757.3884765625,151476290.0
2.08,2352.4926353424244,65.30899999999998,-13464.691,223.9214324951172,13464.691,-3934.2146484375,181297920.0
2.084,2361.9977883925962,50.49469744403446,-8731.012,26.082443237304688,8731.012,-7468.6958984375,76230570.0
2.088,2371.4162595262846,59.585000000000015,-736.3506,26.421300888061523,736.3506,-8184.0076171875,542212.2
2.092,2381.39579578917,70.28200000000001,5785.6055,26.429834365844727,5785.6055,-5890.8037109375,33473230.0
2.096,2391.9932895539346,57.437999999999995,7573.8867,25.916990280151367,7573.8867,-1914.5123046875,57363760.0
2.1,2401.7252776788578,62.101176646280315,5259.6445,24.453556060791016,5259.6445,1830.3548828125,27663860.0
2.108,2421.9715519081187,83.33767821032994,1472.7002,12.090194702148438,1472.7002,4460.1775390625,2168845.8
2.112,2432.161472087741,49.24947823153014,2840.208,7.2308149337768555,2840.208,3871.098046875,8066781.5
2.116,2441.6412922081527,54.1436860281462,3260.9795,20.721609115600586,3260.9795,3008.5166015625,10633987.0
2.12,2450.9356975215655,54.540844583081395,631.1572,26.60270118713379,631.1572,2082.819140625,398359.44
2.124,2459.801167320178,71.5994669920141,-3786.9453,28.49408721923828,3786.9453,883.619921875,14340955.0
2.128,2468.8010867676603,50.51499999999999,-6416.7656,28.927614212036133,6416.7656,-694.2732421875,41174880.0
2.132,2478.8413310831343,64.12199999999999,-5259.6445,220.7256622314453,5259.6445,-2314.24375,27663860.0
2.136,2489.227499282871,84.01388600774774,-1472.7012,30.20344352722168,1472.7012,-3260.9798828125,2168848.8
2.14,2500.060068257938,69.005,1472.7002,31.39704704284668,1472.7002,-3092.6712890625,2168845.8
2.144,2510.721613129448,40.53199999999999,1367.5068,37.78540802001953,1367.5068,-2061.780859375,1870075.0
2.148,2519.5962987398702,38.38827894701791,-736.3506,112.07958984375,736.3506,-925.6978515625,542212.2
2.152,2528.7753717227974,42.46614243745094,-1788.2793,202.0644989013672,1788.2793,-231.4248046875,3197942.8
2.156,2538.1741107455605,69.005,-210.38574,30.90081024169922,210.38574,21.03828125,44262.16
2.16,2548.5411933012438,53.95459825075966,2945.4014,28.271923065185547,2945.4014,315.578515625,8675389.0
2.164,2559.147645845786,51.45000000000001,5470.0273,28.079954147338867,5470.0273,1136.0826171875,29921200.0
2.168,2570.2087085695666,83.3167746364043,5259.6445,27.11138153076172,5259.6445,2335.281640625,27663860.0
2.176,2591.3295215974144,53.44588841924637,-841.54395,24.1470947265625,841.54395,3092.6701171875,708196.2
2.18,2601.360685509129,71.58400000000003,-3681.752,23.200439453125,3681.752,1767.239453125,13555297.0
2.184,2611.663441191372,30.221,-4944.0664,22.230680465698242,4944.0664,-315.579296875,24443792.0
2.188,2621.9229151995883,58.37863283412673,-4628.4883,229.73106384277344,4628.4883,-2293.205859375,21422904.0
2.192,2632.3480286748054,77.10322936341058,-3471.3662,19.377161026000977,3471.3662,-3513.443359375,12050383.0
2.196,2642.5759751764645,38.00226951557291,-1472.7012,21.037214279174805,1472.7012,-3639.6748046875,2168848.8
2.2,2652.886839126899,44.427000000000014,1051.9287,22.338327407836914,1051.9287,-2692.938671875,1106554.0
2.204,2663.0215046741237,66.96981042293697,3471.3662,24.270360946655273,3471.3662,-1009.8521484375,12050383.0
2.208,2673.6417534664174,70.28200000000001,4733.6797,26.88030433654785,4733.6797,862.5814453125,22407724.0
2.212,2684.06760939297,63.190770047533185,3786.9443,28.359111785888672,3786.9443,2314.2435546875,14340947.0
2.216,2694.434787750584,73.480280284996,841.54297,29.29796600341797,841.54297,2777.0923828125,708194.56
2.22,2704.762592267031,58.50099999999998,-2629.8232,29.583641052246094,2629.8232,2040.7419921875,6915970.5
2.224,2714.9487385986745,74.5928594009892,-4628.4883,28.92881965637207,4628.4883,420.77109375,21422904.0
2.232,2735.927470577398,68.66024425347358,-1998.665,26.302507400512695,1998.665,-2524.6296875,3994662.0
2.236,2746.820771713955,62.95600000000001,525.96387,24.47475814819336,525.96387,-2587.7455078125,276638.0
2.24,2757.5780456405955,64.6480264517184,2314.2432,22.714658737182617,2314.2432,-1598.9322265625,5355721.5
2.244,2767.8282848949534,66.51800000000001,3050.5928,20.01353645324707,3050.5928,-63.116015625,9306116.0
2.248,2777.928957872611,80.13172633222534,3155.7861,18.870258331298828,3155.7861,1409.5841796875,9958986.0
2.252,2788.3523407564066,82.18277519901285,2629.8213,19.82122039794922,2629.8213,2335.2814453125,6915960.0
2.26,2808.9714577632994,78.05398770474348,-420.77246,22.478811264038086,420.77246,1956.5869140625,177049.47
2.264,2819.21777965663,81.27912203746868,-1893.4727,22.740379333496094,1893.4727,967.773828125,3585238.8
2.268,2829.195060286644,66.51800000000001,-2314.2441,21.9952392578125,2314.2441,-126.2322265625,5355726.0
2.272,2839.7927906844725,87.8280329911761,-1683.0869,230.43833923339844,1683.0869,-988.8138671875,2832781.5
2.276,2850.3225614760927,87.59200000000001,-841.54395,5.927010536193848,841.54395,-1430.6240234375,708196.2
2.28,2860.972789925214,58.50099999999998,-841.54395,220.81640625,841.54395,-1514.7783203125,708196.2
2.284,2871.439354741341,51.45000000000001,-1788.2793,5.318108558654785,1788.2793,-1493.7396484375,3197942.8
2.288,2881.807605287381,12.759000000000002,-2840.209,231.25331115722656,2840.209,-1598.9326171875,8066787.0
2.292,2891.368647342938,38.99636425108073,-2735.0156,23.21645736694336,2735.0156,-1809.318359375,7480310.5
2.296,2901.3496873224926,39.97757930457405,-736.3506,24.817638397216797,736.3506,-1788.2796875,542212.2
2.3,2910.4002290559356,20.437104488399097,1998.665,24.004623413085938,1998.665,-1220.237890625,3994662.0
2.304,2920.7826436151113,48.496717995795876,4207.715,23.960346221923828,4207.715,-21.0390625,17704864.0
2.308,2931.217297097386,63.32769738069583,4838.871,24.654582977294922,4838.871,1514.776953125,23414674.0
2.312,2941.477217082839,52.106111984434975,3576.5576,24.5513858795166,3576.5576,2777.0916015625,12791764.0
2.316,2951.8542915139665,68.01932347720835,1051.9287,25.047744750976562,1051.9287,3134.7474609375,1106554.0
2.32,2962.103478042467,56.34407330620019,-1683.0869,25.825092315673828,1683.0869,2398.3970703125,2832781.5
2.324,2972.329000863407,63.02966666666667,-3366.1729,26.475339889526367,3366.1729,883.61953125,11331120.0
2.328,2982.292928553749,48.79243501611163,-3260.9805,222.12632751464844,3260.9805,-736.35078125,10633994.0
2.332,2992.330147942146,41.87876528383739,-1577.8936,29.00636100769043,1577.8936,-1767.241015625,2489748.0
2.336,3002.3777914637503,34.71800000000001,210.38574,29.722135543823242,210.38574,-1935.549609375,44262.16
2.34,3012.362113151196,32.255999999999986,736.3496,30.388776779174805,736.3496,-1451.6623046875,542210.75
2.344,3022.004252184272,10.68454699365708,0.0,34.891536712646484,0.0,-778.427734375,0.0
2.348,3030.686260264123,8.397536004893176,-525.96484,22.619237899780273,525.96484,-231.424609375,276639.03
2.352,3040.6663326939747,47.16711610810397,420.77148,31.08358383178711,420.77148,168.3083984375,177048.64
2.356,3050.439137689819,24.12288567143549,2629.8213,32.11536407470703,2629.8213,652.1955078125,6915960.0
2.36,3059.7731062521843,16.655203361586384,4102.5195,32.14324951171875,4102.5195,1325.4294921875,16830666.0
2.364,3069.20175370428,36.72875531105171,2629.8213,32.0109977722168,2629.8213,1851.39375,6915960.0
2.368,3078.2303088740473,5.219198823512306,-1788.2793,31.572439193725586,1788.2793,1598.930859375,3197942.8
2.372,3087.7636579351934,36.520593310461614,-6206.379,30.858530044555664,6206.379,273.50078125,38519140.0
2.376,3096.902370507792,7.47516416404637,-7258.3086,219.201904296875,7258.3086,-1704.1251953125,52683044.0
2.38,3105.4065022821487,15.1619886783726,-3786.9453,30.532880783081055,3786.9453,-3282.0181640625,14340955.0
2.384,3114.645831483279,20.57728829617291,1262.3145,28.979537963867188,1262.3145,-3555.51953125,1593437.8
2.388,3123.2784170407945,25.104824265795177,4628.4844,27.709871292114258,4628.4844,-2272.166796875,21422868.0
2.392,3133.3429319116044,69.47171825335744,4944.0625,26.056970596313477,4944.0625,-42.078515625,24443754.0
2.396,3143.112602773086,28.955550863624914,3471.3662,19.809911727905273,3471.3662,2103.8564453125,12050383.0
2.4,3152.9513868058457,30.515366208433356,2524.629,11.945779800415039,2524.629,3366.1712890625,6373751.0
2.404,3161.675951184534,12.8928858586346,1998.665,11.467761039733887,1998.665,3513.44140625,3994662.0
2.408,3171.077004081514,37.5263617152676,420.77148,17.404151916503906,420.77148,2671.898828125,177048.64
2.412,3180.5778445346423,8.415800986556464,-3260.9805,22.5731201171875,3260.9805,1030.890234375,10633994.0
2.416,3190.1501734939948,14.632000000000003,-7679.082,24.86294174194336,7679.082,-1199.1994140625,58968300.0
2.42,3199.957716132148,36.459664686994195,-9782.9375,223.62738037109375,9782.9375,-3660.7126953125,95705864.0
2.424,3209.567648146479,43.03206739408919,-6942.7305,27.005258560180664,6942.7305,-5448.991796875,48201508.0
2.428,3219.240628581423,13.347,-105.19336,26.948348999023438,105.19336,-5554.184765625,11065.643
2.432,3228.6146045384307,50.95658801412674,6942.7305,26.722917556762695,6942.7305,-3513.442578125,48201508.0
2.436,3238.0451731066178,51.76302398743149,10414.094,26.04378890991211,10414.094,105.192578125,108453350.0
2.44,3247.804277399118,48.688239411955045,9256.973,25.429567337036133,9256.973,3913.174609375,85691544.0
2.444,3257.7675550930126,47.59710869265364,4838.871,24.61540412902832,4838.871,6269.494921875,23414674.0
2.448,3267.9045394281466,53.88357193910687,-105.19336,23.073328018188477,105.19336,6269.494921875,11065.643
2.452,3277.8440514320614,65.39493872766485,-4102.5234,22.58272933959961,4102.5234,4060.444140625,16830698.0
2.456,3287.7787504563917,40.87225581427133,-6521.957,23.482019424438477,6521.957,673.233984375,42535924.0
2.46,3297.1435174342537,12.602920894915199,-6627.1523,224.74131774902344,6627.1523,-2503.591015625,43919148.0
2.464,3306.9057980285525,44.28510366184629,-3892.1377,27.990009307861328,3892.1377,-4249.7927734375,15148736.0
2.468,3316.990740659846,37.99583277275326,946.73535,31.09617042541504,946.73535,-4039.40703125,896307.8
2.472,3326.886447642417,14.03501850002606,5364.836,34.40916061401367,5364.836,-2145.93515625,28781464.0
2.48,3346.9767705071085,31.37900000000001,1998.665,36.653568267822266,1998.665,2103.8572265625,3994662.0
2.484,3356.5493099926202,11.263139022928572,-4523.293,35.164451599121094,4523.293,1977.626171875,20460180.0
2.488,3366.153122748481,36.33114004013871,-8941.395,33.4953498840332,8941.395,0.0001953125,79948536.0
2.492,3375.8585780824264,33.504794867705,-7679.082,217.90333557128906,7679.082,-2608.7833984375,58968300.0
2.496,3384.9682762586117,24.376124252443795,-1157.1221,31.123018264770508,1157.1221,-4060.4453125,1338931.5
2.5,3394.958523070301,55.827009982206114,6416.7656,30.66849136352539,6416.7656,-3176.8251953125,41174880.0
2.504,3404.2763827272584,17.998552491871045,9993.324,30.482402801513672,9993.324,-273.5017578125,99866530.0
2.508,3413.6716590016263,34.26439851962102,7573.8867,30.31156349182129,7573.8867,3029.5544921875,57363760.0
2.512,3422.492058345111,7.5065121463601745,1472.7002,30.743854522705078,1472.7002,4859.9109375,2168845.8
2.516,3432.0671535157817,21.92599999999999,-3892.1377,32.050025939941406,3892.1377,4312.9078125,15148736.0
2.52,3440.8455054092415,5.131,-5049.258,34.3771858215332,5049.258,2019.703125,25495004.0
2.524,3450.2102811711266,51.79165480761493,-2209.0518,209.06008911132812,2209.0518,-420.7720703125,4879909.5
2.528,3459.6088010533535,38.67323689796638,2103.8574,51.28092956542969,2103.8574,-1514.7779296875,4426216.0
2.532,3469.31705958628,22.341664230474613,4207.715,47.83795928955078,4207.715,-967.775,17704864.0
2.536,3478.933232284324,25.4094035704118,2103.8574,36.93645477294922,2103.8574,231.4240234375,4426216.0
2.54,3487.6374851256214,13.553667459967416,-3576.5586,31.718521118164062,3576.5586,525.9638671875,12791771.0
2.544,3496.606402901564,16.435942498277832,-9362.168,29.392227172851562,9362.168,-904.659375,87650190.0
2.548,3506.444722729655,17.33497375607015,-11045.254,222.09877014160156,11045.254,-3534.481640625,121997630.0
2.552,3516.0905287106734,19.15703968215697,-6837.539,27.36741065979004,6837.539,-5743.532421875,46751940.0
2.556,3524.66257374477,5.432907078109613,1577.8936,27.13747787475586,1577.8936,-5848.7251953125,2489748.0
2.56,3534.963708704097,38.91329861236369,9572.551,26.798429489135742,9572.551,-3218.9033203125,91633730.0
2.564,3545.182148271564,27.04402514210831,12938.723,26.485336303710938,12938.723,1241.2748046875,167410540.0
2.568,3555.644547303216,70.79209867348115,10414.094,26.069597244262695,10414.094,5533.1443359375,108453350.0
2.572,3565.8979864310245,12.269501566186978,4207.715,25.22169303894043,4207.715,7742.1951171875,17704864.0
2.576,3576.023613981612,34.26703347736037,-1893.4727,23.677780151367188,1893.4727,7047.921875,3585238.8
2.58,3586.275461341501,37.82085820804758,-5575.2227,21.770244598388672,5575.2227,4018.3671875,31083108.0
2.584,3595.476150880753,22.734792198961273,-6627.1523,19.182775497436523,6627.1523,105.1921875,43919148.0
2.588,3604.81978068571,16.788999999999994,-6311.574,233.6700439453125,6311.574,-3239.94140625,39835970.0
2.592,3615.7370496555063,20.993110472969406,-5470.0312,16.0815372467041,5470.0312,-5175.490625,29921242.0
2.596,3625.930820523872,26.049338947882788,-3786.9453,17.403539657592773,3786.9453,-5554.18515625,14340955.0
2.6,3636.3160874268606,16.680796410966543,-1157.1221,18.80703353881836,1157.1221,-4670.5650390625,1338931.5
2.604,3646.3871250799675,48.869000000000014,1788.2793,19.558786392211914,1788.2793,-2987.4787109375,3197942.8
2.608,3656.1143075358214,7.063999999999999,3786.9443,18.3358097076416,3786.9443,-967.775,14340947.0
2.612,3666.424841817384,25.354134812763498,4418.0977,14.697677612304688,4418.0977,1009.85078125,19519586.0
2.616,3676.6456030075356,22.828020330550245,4628.4844,9.741317749023438,4628.4844,2692.93671875,21422868.0
2.62,3686.910819127745,25.129232012213425,5470.0273,9.880751609802246,5470.0273,4018.3666015625,29921200.0
2.624,3696.7975214163653,15.132828783405042,6311.5703,15.20186996459961,6311.5703,4923.0248046875,39835920.0
2.628,3707.0333346561465,64.42100000000002,5154.449,19.92654037475586,5154.449,5196.52578125,26568346.0
2.632,3716.5142530681264,7.605727803701278,631.1572,22.699451446533203,631.1572,4439.1376953125,398359.44
2.636,3726.1832223291153,24.284961654636437,-5890.801,23.87735939025879,5890.801,2335.2806640625,34701532.0
2.64,3736.761955226009,49.01410053916889,-11045.254,24.245861053466797,11045.254,-967.7755859375,121997630.0
2.644,3746.875869281462,31.406999999999993,-11991.988,225.71263122558594,11991.988,-4628.4873046875,143807780.0
2.648,3757.2789512313643,53.79285622344955,-8310.238,24.09323501586914,8310.238,-7321.4248046875,69060060.0
2.652,3767.5617760129685,34.543282791350215,-1893.4727,24.14491844177246,1893.4727,-7826.35078125,3585238.8
2.656,3778.2308811029434,57.036511381374176,4312.9062,24.357070922851562,4312.9062,-5785.609375,18601160.0
2.66,3788.8295494578374,80.35799999999998,7573.8867,23.88666343688965,7573.8867,-2061.78125,57363760.0
2.664,3799.480021009843,54.61682759181101,7468.6953,23.666767120361328,7468.6953,1830.35546875,55781410.0
2.668,3809.6693384112496,54.27430396019482,4838.871,23.981311798095703,4838.871,4460.17734375,23414674.0
2.672,3820.086892133605,65.46196776016644,1577.8936,22.841400146484375,1577.8936,5154.4505859375,2489748.0
2.676,3830.8012398623223,30.639267227101048,-841.54395,21.61748695373535,841.54395,4123.560546875,708196.2
2.68,3841.5017300447057,71.9731479981531,-2209.0518,21.454267501831055,2209.0518,2166.9728515625,4879909.5
2.684,3851.2558864892912,5.343284932621706,-2629.8232,21.213512420654297,2629.8232,147.269140625,6915970.5
2.688,3862.0044567404852,63.09442625616295,-2314.2441,226.94642639160156,2314.2441,-1283.35390625,5355726.0
2.692,3872.0157352804645,63.24599999999999,-1262.3154,25.010112762451172,1262.3154,-1851.395703125,1593440.2
2.696,3882.1457005762663,85.64561209903292,0.0,25.70294952392578,0.0,-1683.0869140625,0.0
2.7,3892.0535436584864,69.347,841.54297,25.447175979614258,841.54297,-1072.96796875,708194.56
2.704,3902.3770258493682,54.26832850367938,1051.9287,24.057661056518555,1051.9287,-336.617578125,1106554.0
2.708,3912.836939019644,77.98355249274186,841.54297,22.65342140197754,841.54297,294.53984375,708194.56
2.712,3922.712234152325,12.973000000000004,525.96387,19.238290786743164,525.96387,652.195703125,276638.0
2.716,3932.9138214075415,50.57501376583072,210.38574,20.14909553527832,210.38574,694.2728515625,44262.16
2.72,3943.0287626252652,13.005553555061155,-105.19336,21.143980026245117,105.19336,504.9255859375,11065.643
2.724,3953.499631704359,78.16015530285014,-315.5791,20.798341751098633,315.5791,231.4240234375,99590.17
2.728,3963.694844796639,55.594000000000015,-315.5791,27.967023849487305,315.5791,-0.000390625,99590.17
2.732,3973.80596638568,71.5722681232844,0.0,56.45491409301758,0.0,-105.1931640625,0.0
2.736,3983.4740256867126,10.768922939829269,0.0,9.012054943013936e-05,0.0,-147.2703125,0.0
2.74,3993.946086880892,53.35671341470684,-525.96484,25.531904220581055,525.96484,-231.424609375,276639.03
2.744,4004.1152831135946,25.66211859279165,-1367.5078,29.144330978393555,1367.5078,-441.8103515625,1870077.6
2.748,4014.5415740018093,11.403000000000002,-1577.8936,218.97544860839844,1577.8936,-694.2732421875,2489748.0
2.752,4025.3974363255993,84.591388888762,-420.77246,32.158607482910156,420.77246,-778.427734375,177049.47
2.764,4057.2965583022287,71.81687512983459,2629.8213,32.97939682006836,2629.8213,1094.00546875,6915960.0
2.768,4067.9778247054214,69.347,105.19238,31.98726463317871,105.19238,1430.62265625,11065.4375
2.776,4089.7589470716966,12.640346677049939,-4102.5234,28.548995971679688,4102.5234,-168.309375,16830698.0
2.784,4111.257725416068,71.39493471295808,-1472.7012,25.20237159729004,1472.7012,-2314.2443359375,2168848.8
2.788,4122.274169075264,45.397000000000006,841.54297,24.18561363220215,841.54297,-2166.97421875,708194.56
2.792,4132.9999529182,66.84203630530067,2629.8213,23.013261795043945,2629.8213,-1115.0453125,6915960.0
2.804,4165.919084751238,89.74900000000001,2209.0508,21.956357955932617,2209.0508,2524.6291015625,4879905.5
2.808,4176.503775828755,20.92853857587279,210.38574,23.1672306060791,210.38574,2398.39765625,44262.16
2.82,4208.941115991787,66.11131658066947,-4733.6797,225.42379760742188,4733.6797,-1683.0865234375,22407724.0
2.824,4219.368727353935,85.50601523833183,-3576.5586,24.309551239013672,3576.5586,-2840.2083984375,12791771.0
2.844,4274.768457818479,90.68976518159626,4418.0977,25.84963607788086,4418.0977,3282.01640625,19519586.0
2.864,4328.835069542951,87.04700000000001,-3260.9805,27.77127456665039,3260.9805,-3513.4421875,10633994.0
2.868,4339.728433250019,76.309330583379,841.54297,27.996723175048828,841.54297,-3513.4421875,708194.56
2.872,4350.71167443077,46.61012144535869,4628.4844,29.4561710357666,4628.4844,-1935.54921875,21422868.0
2.88,4372.459962193767,79.40200000000002,4418.0977,30.1810302734375,4418.0977,2545.66640625,19519586.0
2.888,4394.345719709108,38.766000000000005,-5364.836,29.272871017456055,5364.836,1935.548046875,28781464.0
2.892,4405.284361007239,75.68742825298342,-8625.816,28.532413482666016,8625.816,-715.312109375,74404710.0
2.896,4417.046973054127,82.37599999999999,-7679.082,221.87445068359375,7679.082,-3471.366015625,58968300.0
2.9,4428.49495508799,39.34474246377911,-2629.8232,27.591928482055664,2629.8232,-4880.9501953125,6915970.5
2.904,4438.948562996564,83.87416844475815,3997.329,27.58058738708496,3997.329,-4060.445703125,15978640.0
2.912,4460.482488554535,66.42491956125512,8520.621,28.221590042114258,8520.621,2145.933203125,72600984.0
2.916,4471.286652319389,57.323258846260885,4207.715,29.570756912231445,4207.715,4523.292578125,17704864.0
2.952,4566.652011940876,29.67356452835015,-4628.4883,23.2298583984375,4628.4883,1262.3134765625,21422904.0
2.956,4576.253878510431,37.286927377387215,-5785.6094,20.459840774536133,5785.6094,-757.3896484375,33473276.0
2.96,4584.918785389118,22.039216831804485,-5364.836,233.05816650390625,5364.836,-2903.3240234375,28781464.0
2.964,4592.628713815206,72.26774102753812,-4523.293,14.040847778320312,4523.293,-4354.985546875,20460180.0
2.972,4610.993907300672,19.277999999999995,-1472.7012,16.355195999145508,1472.7012,-4102.5224609375,2168848.8
2.976,4618.728021765603,83.904,1157.1211,18.400310516357422,1157.1211,-2713.9763671875,1338929.2
2.98,4628.514216000956,88.89585321561907,3681.751,19.358591079711914,3681.751,-904.658984375,13555290.0
2.984,4638.886872850632,41.06389760634998,5259.6445,20.042163848876953,5259.6445,1051.928515625,27663860.0
2.992,4658.1468797734,90.307,3576.5576,21.920408248901367,3576.5576,3786.94375,12791764.0
2.996,4668.3620176289305,49.231999999999985,1262.3145,21.423442840576172,1262.3145,3807.982421875,1593437.8
3.0,4679.009055921255,75.14200000000002,-631.1582,20.66997718811035,631.1582,2945.4005859375,398360.7
3.004,4689.7574210561415,32.31033511588624,-1683.0869,20.01828384399414,1683.0869,1556.854296875,2832781.5
3.012,4711.920601151118,43.458010047778394,-1893.4727,228.53363037109375,1893.4727,-988.813671875,3585238.8
3.016,4723.165615043742,27.807982233447017,-1262.3154,27.929248809814453,1262.3154,-1493.7396484375,1593440.2
3.024,4744.318725587905,81.3007590035789,2314.2432,33.451725006103516,2314.2432,-504.9263671875,5355721.5
3.028,4754.612588160151,60.37395240816857,3681.751,31.880903244018555,3681.751,631.1568359375,13555290.0
3.032,4764.749461373878,48.23123640329153,2735.0146,30.677940368652344,2735.0146,1556.854296875,7480305.0
3.036,4774.654108717647,14.779523420785447,-841.54395,28.781391143798828,841.54395,1641.00859375,708196.2
3.04,4784.35372299667,80.80579827258775,-5259.6445,27.357145309448242,5259.6445,525.9640625,27663860.0
3.044,4795.457011874224,52.230333333333334,-7994.66,27.083417892456055,7994.66,-1535.8166015625,63914590.0
3.052,4816.35785496727,83.27004284111416,-2419.4375,26.74437713623047,2419.4375,-4691.6033203125,5853678.0
3.056,4827.733421307035,73.03800000000003,3155.7861,26.95623207092285,3155.7861,-3892.1373046875,9958986.0
3.06,4838.652204731676,77.81900000000003,6732.3438,27.21584129333496,6732.3438,-1493.7396484375,45324452.0
3.068,4859.741164033613,58.725007341196985,3681.751,28.709457397460938,3681.751,3576.557421875,13555290.0
3.072,4870.696172823086,80.301855314331,-631.1582,30.513273239135742,631.1582,3934.21328125,398360.7
3.076,4882.002479888127,63.24599999999999,-3997.331,32.70444869995117,3997.331,2503.58984375,15978656.0
3.08,4892.968415398017,70.0949495044353,-4628.4883,215.96820068359375,4628.4883,231.4234375,21422904.0
3.084,4903.752378079244,31.71288798279495,-2314.2441,33.69595718383789,2314.2441,-1577.894140625,5355726.0
3.088,4913.9487476650165,12.612180691271643,1577.8936,32.459068298339844,1577.8936,-1998.665625,2489748.0
3.1,4946.589026333056,26.55566797842148,3366.1729,25.790990829467773,3366.1729,2524.629296875,11331120.0
3.104,4958.408039153639,25.16042955498097,525.96387,23.243083953857422,525.96387,3092.6708984375,276638.0
3.108,4969.792836695896,68.85628153818442,-1893.4727,20.319656372070312,1893.4727,2398.39765625,3585238.8
3.112,4982.574908945242,11.189498178904039,-3471.3662,17.231931686401367,3471.3662,757.3884765625,12050383.0
