Time (s),Amplitude,Instantaneous_freq,Amplitude_abs,Amplitude_roll_mean,Amplitude_energy
0.328,1705.4395,54.0597038269043,1705.4395,341.087890625,2908523.8
0.332,1404.4795,41.89579391479492,1404.4795,621.9837890625,1972562.6
0.336,100.319336,27.18425750732422,100.319336,642.04765625,10063.969
0.34,-1203.8408,24.052597045898438,1203.8408,401.2794921875,1449232.8
0.344,-1805.7607,20.42197036743164,1805.7607,40.12734375,3260771.8
0.348,-1906.081,10.346997261047363,1906.081,-682.1767578125,3633145.0
0.352,-2307.3613,8.208938598632812,2307.3613,-1424.544921875,5323916.5
0.356,-3109.921,235.9065399169922,3109.921,-2066.59296875,9671608.0
0.36,-2808.961,22.775663375854492,2808.961,-2387.6169921875,7890261.5
0.364,-100.32031,26.247692108154297,100.32031,-2046.52890625,10064.165
0.368,4313.758,29.106952667236328,4313.758,-802.5611328125,18608506.0
0.372,7223.039,31.25016212463379,7223.039,1103.5189453125,52172292.0
0.376,5617.918,32.564369201660156,5617.918,2849.08671875,31561002.0
0.38,-300.96094,34.3032112121582,300.96094,3350.68671875,90577.484
0.384,-6420.4805,35.51536560058594,6420.4805,2086.6546875,41222570.0
0.388,-7724.6406,214.24728393554688,7724.6406,-321.025,59670070.0
0.392,-3210.2412,35.66343307495117,3210.2412,-2407.6810546875,10305649.0
0.396,3611.5195,35.67839813232422,3611.5195,-2808.9607421875,13043073.0
0.4,7323.3594,35.79465866088867,7323.3594,-1284.0966796875,53631590.0
0.404,5216.6367,35.4892463684082,5216.6367,1043.3267578125,27213298.0
0.408,-100.32031,35.2531623840332,100.32031,2568.1908203125,10064.165
0.412,-4113.121,35.89424133300781,4113.121,2387.61484375,16917766.0
0.416,-4012.8008,213.66761779785156,4012.8008,862.75078125,16102570.0
0.42,-1203.8408,36.28234100341797,1203.8408,-842.6892578125,1449232.8
0.424,1003.1992,36.29567337036133,1003.1992,-1685.3767578125,1006408.7
0.428,902.8789,33.6578254699707,902.8789,-1484.7369140625,815190.3
0.432,-100.32031,69.45503234863281,100.32031,-682.1767578125,10064.165
0.436,200.63965,20.377676010131836,200.63965,160.511328125,40256.27
0.44,2507.999,33.055152893066406,2507.999,902.879296875,6290059.0
0.444,4414.078,31.750999450683594,4414.078,1585.055078125,19484086.0
0.448,3511.1992,29.726497650146484,3511.1992,2106.719140625,12328520.0
0.452,-601.9209,28.76595115661621,601.9209,2006.3990234375,362308.78
0.456,-5718.2383,27.424959182739258,5718.2383,822.6234375,32698250.0
0.46,-8828.16,26.148704528808594,8828.16,-1444.6083984375,77936410.0
0.464,-8226.238,225.35484313964844,8226.238,-3972.6716796875,67671000.0
0.468,-4715.039,22.724151611328125,4715.039,-5617.9193359375,22231594.0
0.472,300.95898,21.95248794555664,300.95898,-5437.343359375,90576.31
0.476,5216.6367,21.154512405395508,5216.6367,-3250.368359375,27213298.0
0.48,8828.16,20.86110496520996,8828.16,280.895703125,77936410.0
0.484,10032.0,21.322725296020508,10032.0,3932.543359375,100641020.0
0.488,8326.559,21.04800033569336,8326.559,6540.862890625,69331576.0
0.492,4313.758,21.219968795776367,4313.758,7343.42265625,18608506.0
0.496,-702.2412,21.1317138671875,702.2412,6159.6470703125,493142.72
0.5,-5016.0,20.83555793762207,5016.0,3390.8150390625,25160256.0
0.504,-7423.6797,20.680740356445312,7423.6797,-100.3208984375,55111020.0
0.508,-7524.0,229.91815185546875,7524.0,-3270.4326171875,56610576.0
0.512,-5718.2383,19.978633880615234,5718.2383,-5276.8318359375,32698250.0
0.516,-3009.6006,18.732105255126953,3009.6006,-5738.3037109375,9057696.0
0.52,-501.6006,17.663869857788086,501.6006,-4835.423828125,251603.14
0.524,1103.5195,15.372597694396973,1103.5195,-3129.983984375,1217755.4
0.528,1504.7998,7.8805341720581055,1504.7998,-1324.2240234375,2264422.5
0.532,1906.0791,5.140691757202148,1906.0791,200.639453125,3633137.5
0.536,3109.92,9.382494926452637,3109.92,1424.5435546875,9671602.0
0.54,5216.6367,18.017148971557617,5216.6367,2568.191015625,27213298.0
0.544,6219.84,22.73421287536621,6219.84,3591.455078125,38686410.0
0.548,4414.078,25.10367202758789,4414.078,4173.3107421875,19484086.0
0.552,-401.28125,27.447650909423828,401.28125,3711.838671875,161026.64
0.556,-5417.2812,28.640106201171875,5417.2812,2006.3984375,29346936.0
0.56,-7223.039,29.622159957885742,7223.039,-481.53671875,52172292.0
0.564,-4715.039,218.66839599609375,4715.039,-2668.5125,22231594.0
0.568,100.319336,34.14136505126953,100.319336,-3531.2642578125,10063.969
0.572,3511.1992,39.13209533691406,3511.1992,-2748.7681640625,12328520.0
0.576,3009.5996,45.05413818359375,3009.5996,-1063.3919921875,9057690.0
0.58,-501.6006,45.3409309387207,501.6006,280.895703125,251603.14
0.584,-4113.121,39.239017486572266,4113.121,401.279296875,16917766.0
0.588,-5016.0,216.62326049804688,5016.0,-621.9845703125,25160256.0
0.592,-2608.3213,29.437705993652344,2608.3213,-1845.888671875,6803340.0
0.596,1504.7998,27.043781280517578,1504.7998,-2146.8486328125,2264422.5
0.6,4915.6797,25.0550594329834,4915.6797,-1063.392578125,24163906.0
0.604,6119.5195,23.1556453704834,6119.5195,983.135546875,37448520.0
0.608,5216.6367,20.506622314453125,5216.6367,3029.662890625,27213298.0
0.612,3511.1992,17.377670288085938,3511.1992,4253.5669921875,12328520.0
0.616,1705.4395,15.426697731018066,1705.4395,4293.694921875,2908523.8
0.62,100.319336,13.284575462341309,100.319336,3330.6228515625,10063.969
0.624,-1906.081,14.8360013961792,1906.081,1725.502734375,3633145.0
0.628,-4514.3984,18.225107192993164,4514.3984,-220.704296875,20379794.0
0.632,-6721.4414,20.30876922607422,6721.4414,-2267.232421875,45177776.0
0.636,-7122.7188,227.37144470214844,7122.7188,-4032.8640625,50733124.0
0.64,-4614.7188,24.083332061767578,4614.7188,-4975.8716796875,21295630.0
0.644,-200.64062,24.64566993713379,200.64062,-4634.78359375,40256.66
0.648,3812.1592,24.944440841674805,3812.1592,-2969.4720703125,14532558.0
0.652,5417.2773,24.764373779296875,5417.2773,-541.7283203125,29346894.0
0.656,4414.078,23.549776077270508,4414.078,1765.6310546875,19484086.0
0.66,2407.6797,20.531600952148438,2407.6797,3170.1107421875,5796921.5
0.664,1003.1992,14.149415016174316,1003.1992,3410.8787109375,1006408.7
0.668,702.23926,2.7570388317108154,702.23926,2788.8947265625,493139.97
0.672,401.2793,8.281946182250977,401.2793,1785.6951171875,161025.08
0.676,-802.56055,18.93777084350586,802.56055,742.3673828125,644103.44
0.68,-2407.6807,23.43667984008789,2407.6807,-220.7046875,5796926.0
0.684,-3210.2412,26.782358169555664,3210.2412,-1063.3927734375,10305649.0
0.688,-2307.3613,222.9967041015625,2307.3613,-1665.312890625,5323916.5
0.692,-601.9209,26.038984298706055,601.9209,-1865.9529296875,362308.78
0.696,601.91895,24.71538543701172,601.91895,-1585.05703125,362306.4
0.7,300.95898,2.298097610473633,300.95898,-1043.3291015625,90576.31
0.704,-300.96094,27.018695831298828,300.96094,-461.473046875,90577.484
0.708,401.2793,16.36726188659668,401.2793,80.255078125,161025.08
0.712,2808.959,25.002424240112305,2808.959,762.4310546875,7890250.5
0.716,5417.2773,28.202960968017578,5417.2773,1725.502734375,29346894.0
0.72,5316.957,29.162748336791992,5316.957,2728.70234375,28270032.0
0.724,1304.1592,29.505739212036133,1304.1592,3049.7263671875,1700831.1
0.728,-4715.039,29.72073745727539,4715.039,2026.4626953125,22231594.0
0.732,-8828.16,29.73948860168457,8828.16,-300.9611328125,77936410.0
0.736,-8125.918,220.0401611328125,8125.918,-3009.6001953125,66030544.0
0.74,-2708.6406,30.300495147705078,2708.6406,-4614.7197265625,7336734.0
0.744,3812.1592,30.142332077026367,3812.1592,-4113.1197265625,14532558.0
0.748,7323.3594,29.520902633666992,7323.3594,-1705.4400390625,53631590.0
0.752,6520.797,28.885305404663086,6520.797,1364.3513671875,42520790.0
0.756,2909.2793,28.015764236450195,2909.2793,3571.3908203125,8463906.0
0.76,-702.2412,26.13035774230957,702.2412,3972.670703125,493142.72
0.764,-2608.3213,22.948978424072266,2608.3213,2688.574609375,6803340.0
0.768,-3109.921,19.328201293945312,3109.921,601.9185546875,9671608.0
0.772,-3109.921,232.78884887695312,3109.921,-1324.225,9671608.0
0.776,-2808.961,18.99928092956543,2808.961,-2467.873046875,7890261.5
0.78,-1605.1211,22.748048782348633,1605.1211,-2648.4490234375,2576413.8
0.784,902.8789,26.65882110595703,902.8789,-1946.208984375,815190.3
0.788,3912.4795,30.375194549560547,3912.4795,-541.72890625,15307496.0
0.792,5016.0,32.02013397216797,5016.0,1083.4552734375,25160256.0
0.796,2909.2793,32.21420669555664,2909.2793,2227.1033203125,8463906.0
0.8,-1605.1211,32.308963775634766,1605.1211,2227.1033203125,2576413.8
0.804,-5718.2383,31.383798599243164,5718.2383,902.8798828125,32698250.0
0.808,-6821.758,220.1341094970703,6821.758,-1243.967578125,46536380.0
0.812,-4213.4414,28.971128463745117,4213.4414,-3089.855859375,17753088.0
0.816,702.23926,27.939876556396484,702.23926,-3531.2638671875,493139.97
0.82,5216.6367,27.00299644470215,5216.6367,-2166.9123046875,27213298.0
0.824,7122.7188,26.352994918823242,7122.7188,401.2791015625,50733124.0
0.828,5918.879,25.190153121948242,5918.879,2949.4064453125,35033130.0
0.832,2708.6396,24.967348098754883,2708.6396,4333.82265625,7336728.5
0.836,-1103.5205,25.54512596130371,1103.5205,3972.670703125,1217757.5
0.84,-3711.8408,25.43531608581543,3711.8408,2186.9751953125,13777762.0
0.844,-4414.078,26.558706283569336,4414.078,-120.3841796875,19484086.0
0.848,-3009.6006,220.65866088867188,3009.6006,-1906.080078125,9057696.0
0.852,-300.96094,32.190799713134766,300.96094,-2508.0001953125,90577.484
0.856,2006.3994,35.233062744140625,2006.3994,-1886.0162109375,4025638.5
0.86,2608.3193,38.127349853515625,2608.3193,-621.9841796875,6803330.0
0.864,1103.5195,38.85415267944336,1103.5195,481.5353515625,1217755.4
0.868,-1504.8008,37.3119010925293,1504.8008,782.4953125,2264425.5
0.872,-3310.5605,35.86715316772461,3310.5605,180.575390625,10959811.0
0.876,-2708.6406,215.1833953857422,2708.6406,-762.4326171875,7336734.0
0.88,0.0,33.481361389160156,0.0,-1284.096484375,0.0
0.884,3210.2393,33.344608306884766,3210.2393,-862.7525390625,10305636.0
0.888,4715.039,33.43790054321289,4715.039,381.2154296875,22231594.0
0.892,3210.2393,31.644542694091797,3210.2393,1685.375390625,10305636.0
0.896,-501.6006,30.033679962158203,501.6006,2126.7833984375,251603.14
0.9,-4614.7188,28.952009201049805,4614.7188,1203.8396484375,21295630.0
0.904,-6821.758,26.760623931884766,6821.758,-802.559765625,46536380.0
0.908,-6320.16,224.5746307373047,6320.16,-3009.599609375,39944424.0
0.912,-3009.6006,24.968299865722656,3009.6006,-4253.567578125,9057696.0
0.916,1805.7598,24.070331573486328,1805.7598,-3792.0955078125,3260768.2
0.92,6420.4805,23.881553649902344,6420.4805,-1585.0556640625,41222570.0
0.924,9028.801,24.335681915283203,9028.801,1585.0560546875,81519240.0
0.928,8125.918,25.2388916015625,8125.918,4474.2716796875,66030544.0
0.932,3611.5195,26.323999404907227,3611.5195,5798.495703125,13043073.0
0.936,-2207.041,27.4514217376709,2207.041,4995.935546875,4871030.0
0.94,-5918.879,29.496450424194336,5918.879,2528.063671875,35033130.0
0.944,-5116.3203,217.2327880859375,5116.3203,-300.960546875,26176734.0
0.948,-1003.2012,40.50675964355469,1003.2012,-2126.784375,1006412.56
0.952,2507.999,59.10236740112305,2507.999,-2347.4884765625,6290059.0
0.956,1705.4395,58.318756103515625,1705.4395,-1564.9923828125,2908523.8
0.96,-2909.2812,41.338531494140625,2909.2812,-963.0728515625,8463917.0
0.964,-6922.078,35.18468475341797,6922.078,-1324.2244140625,47915164.0
0.968,-5918.879,216.2152099609375,5918.879,-2307.3599609375,35033130.0
0.972,100.319336,34.1207275390625,100.319336,-2788.8958984375,10063.969
0.976,6219.84,36.16985321044922,6219.84,-1886.0158203125,38686410.0
0.98,6721.4375,39.531898498535156,6721.4375,40.1279296875,45177724.0
0.984,1003.1992,42.95649337768555,1003.1992,1625.1833984375,1006408.7
0.988,-6119.5195,43.63936996459961,6119.5195,1585.0552734375,37448520.0
0.992,-8326.559,209.88331604003906,8326.559,-100.3203125,69331576.0
0.996,-3109.921,35.31367874145508,3109.921,-1966.2724609375,9671608.0
1.0,5818.5586,31.70689582824707,5818.5586,-2146.8482421875,33855624.0
1.004,12339.359,29.374181747436523,12339.359,120.3837890625,152259790.0
1.008,12439.68,27.351167678833008,12439.68,3832.2236328125,154745630.0
1.012,7022.3984,25.358081817626953,7022.3984,6902.0150390625,49314080.0
1.016,-100.32031,23.325326919555664,100.32031,7503.93515625,10064.165
1.02,-5617.918,21.161794662475586,5617.918,5216.63984375,31561002.0
1.024,-8426.879,18.789783477783203,8426.879,1063.3921875,71012290.0
1.028,-9329.762,17.279523849487305,9329.762,-3290.49609375,87044456.0
1.032,-8727.84,231.98397827148438,8727.84,-6440.54375,76175190.0
1.036,-6219.84,19.28942108154297,6219.84,-7664.44765625,38686410.0
1.04,-2006.4004,20.945077896118164,2006.4004,-6942.144140625,4025642.5
1.044,2708.6396,22.840654373168945,2708.6396,-4715.0404296875,7336728.5
1.048,5517.5977,23.846662521362305,5517.5977,-1745.5685546875,30443884.0
1.052,5216.6367,25.146934509277344,5216.6367,1043.3267578125,27213298.0
1.056,2507.999,27.683195114135742,2507.999,2788.89453125,6290059.0
1.06,-100.32031,37.80013656616211,100.32031,3170.110546875,10064.165
1.064,-501.6006,145.9174346923828,501.6006,2528.0625,251603.14
1.068,1504.7998,39.33092498779297,1504.7998,1725.5029296875,2264422.5
1.072,4213.4375,27.589120864868164,4213.4375,1524.8630859375,17753056.0
1.076,5417.2773,25.201019287109375,5417.2773,2106.71875,29346894.0
1.08,4012.7988,24.3897762298584,4012.7988,2929.342578125,16102554.0
1.084,401.2793,24.022727966308594,401.2793,3109.9185546875,161025.08
1.088,-3812.1611,23.835561752319336,3812.1611,2046.5263671875,14532573.0
1.092,-6821.758,24.005420684814453,6821.758,-160.5126953125,46536380.0
1.096,-7323.3594,225.39825439453125,7323.3594,-2708.6400390625,53631590.0
1.1,-4915.6797,25.62970542907715,4915.6797,-4494.3357421875,24163906.0
1.104,-401.28125,26.953325271606445,401.28125,-4654.8478515625,161026.64
1.108,4313.758,28.55641746520996,4313.758,-3029.6640625,18608506.0
1.112,6821.758,30.1387939453125,6821.758,-300.9609375,46536380.0
1.116,5517.5977,31.149967193603516,5517.5977,2267.23046875,30443884.0
1.12,1003.1992,31.476858139038086,1003.1992,3451.00625,1006408.7
1.124,-3912.4814,31.055355072021484,3912.4814,2748.7662109375,15307511.0
1.128,-6119.5195,30.144214630126953,6119.5195,662.1107421875,37448520.0
1.132,-4614.7188,220.57357788085938,4614.7188,-1625.1845703125,21295630.0
1.136,-1203.8408,28.558382034301758,1203.8408,-2969.472265625,1449232.8
1.14,902.8789,27.082860946655273,902.8789,-2989.536328125,815190.3
1.144,200.63965,17.774063110351562,200.63965,-2166.912109375,40256.27
1.148,-2106.7207,85.03941345214844,2106.7207,-1364.35234375,4438272.0
1.152,-2708.6406,26.826610565185547,2708.6406,-983.13671875,7336734.0
1.156,200.63965,26.265108108520508,200.63965,-702.240625,40256.27
1.16,5316.957,25.92660903930664,5316.957,180.575,28270032.0
1.164,9329.758,25.928966522216797,9329.758,2006.3986328125,87044380.0
1.168,9229.4375,25.74566650390625,9229.4375,4273.6302734375,85182520.0
1.172,4915.6797,25.369850158691406,4915.6797,5798.4943359375,24163906.0
1.176,-902.88086,24.823354721069336,902.88086,5577.790234375,815193.9
1.18,-5116.3203,24.28185272216797,5116.3203,3491.134765625,26176734.0
1.184,-6219.84,23.542400360107422,6219.84,381.215234375,38686410.0
1.188,-4815.3594,227.0806884765625,4815.3594,-2427.744140625,23187686.0
1.192,-2407.6807,22.062240600585938,2407.6807,-3892.4162109375,5796926.0
1.196,-601.9209,18.9456787109375,601.9209,-3832.22421875,362308.78
1.2,401.2793,17.330522537231445,401.2793,-2728.704296875,161025.08
1.204,1103.5195,19.359830856323242,1103.5195,-1264.032421875,1217755.4
1.208,1805.7598,24.88979148864746,1805.7598,60.19140625,3260768.2
1.212,2006.3994,31.322275161743164,2006.3994,943.007421875,4025638.5
1.216,702.23926,32.24394989013672,702.23926,1203.839453125,493139.97
1.22,-2207.041,31.762788772583008,2207.041,682.175390625,4871030.0
1.224,-4915.6797,30.757469177246094,4915.6797,-521.664453125,24163906.0
1.228,-5116.3203,220.68411254882812,5116.3203,-1906.08046875,26176734.0
1.232,-2006.4004,29.728511810302734,2006.4004,-2708.6404296875,4025642.5
1.236,2909.2793,30.765859603881836,2909.2793,-2267.232421875,8463906.0
1.24,5918.879,31.616497039794922,5918.879,-642.0484375,35033130.0
1.244,4815.3594,34.00582504272461,4815.3594,1304.159375,23187686.0
1.248,401.2793,37.92204666137695,401.2793,2407.679296875,161025.08
1.252,-3912.4814,42.0439567565918,3912.4814,2026.4630859375,15307511.0
1.256,-4715.039,207.41946411132812,4715.039,501.5994140625,22231594.0
1.26,-902.88086,37.97469711303711,902.88086,-862.7525390625,815193.9
1.264,4815.3594,32.83160400390625,4815.3594,-862.7525390625,23187686.0
1.268,8627.52,29.690805435180664,8627.52,782.4955078125,74434100.0
1.272,8025.5977,27.33391571044922,8025.5977,3170.111328125,64410216.0
1.276,3611.5195,25.508651733398438,3611.5195,4835.423046875,13043073.0
1.28,-2006.4004,23.88227653503418,2006.4004,4614.719140625,4025642.5
1.284,-5918.879,21.124338150024414,5918.879,2467.871484375,35033130.0
1.288,-7624.3203,18.773069381713867,7624.3203,-782.496484375,58130260.0
1.292,-7624.3203,233.0558624267578,7624.3203,-3912.480078125,58130260.0
1.296,-6721.4414,15.754409790039062,6721.4414,-5979.072265625,45177776.0
1.3,-4815.3594,17.005054473876953,4815.3594,-6540.8640625,23187686.0
1.304,-1605.1211,18.624479293823242,1605.1211,-5678.1125,2576413.8
1.308,2307.3594,20.110666275024414,2307.3594,-3691.7765625,5323907.5
1.312,5417.2773,21.03441047668457,5417.2773,-1083.45703125,29346894.0
1.316,6320.16,21.255062103271484,6320.16,1524.86328125,39944424.0
1.32,4915.6797,19.929128646850586,4915.6797,3471.07109375,24163906.0
1.324,2909.2793,14.662525177001953,2909.2793,4373.951171875,8463906.0
1.328,2006.3994,3.456545352935791,2006.3994,4313.7591796875,4025638.5
1.332,2307.3594,1.419263482093811,2307.3594,3691.7755859375,5323907.5
1.336,2307.3594,10.993979454040527,2307.3594,2889.2154296875,5323907.5
1.34,501.5996,19.462820053100586,501.5996,2006.3994140625,251602.17
1.344,-3009.6006,23.356618881225586,3009.6006,822.6234375,9057696.0
1.348,-6119.5195,24.60256004333496,6119.5195,-802.5603515625,37448520.0
1.352,-6821.758,224.77821350097656,6821.758,-2628.3837890625,46536380.0
1.356,-4514.3984,25.37495994567871,4514.3984,-3992.7353515625,20379794.0
1.36,-902.88086,23.969091415405273,902.88086,-4273.6314453125,815193.9
1.364,1906.0791,21.803613662719727,1906.0791,-3290.4955078125,3633137.5
1.368,3009.5996,17.50252342224121,3009.5996,-1464.6716796875,9057690.0
1.372,3210.2393,11.271844863891602,3210.2393,541.727734375,10305636.0
1.376,3711.8398,9.162111282348633,3711.8398,2186.975390625,13777755.0
1.38,4715.039,14.084623336791992,4715.039,3310.559375,22231594.0
1.384,4715.039,20.376150131225586,4715.039,3872.3513671875,22231594.0
1.388,2307.3594,23.28468132019043,2307.3594,3731.9033203125,5323907.5
1.392,-2207.041,25.520038604736328,2207.041,2648.447265625,4871030.0
1.396,-6320.16,27.306379318237305,6320.16,642.047265625,39944424.0
1.4,-6922.078,221.91310119628906,6922.078,-1685.376171875,47915164.0
1.404,-3812.1611,29.250322341918945,3812.1611,-3390.8162109375,14532573.0
1.408,401.2793,32.302364349365234,401.2793,-3772.0322265625,161025.08
1.412,2307.3594,42.55852508544922,2307.3594,-2869.1521484375,5323907.5
1.416,401.2793,70.35765075683594,401.2793,-1524.8642578125,161025.08
1.42,-3109.921,54.846290588378906,3109.921,-762.4328125,9671608.0
1.424,-4514.3984,214.0447998046875,4514.3984,-902.8802734375,20379794.0
1.428,-1805.7607,31.440317153930664,1805.7607,-1344.28828125,3260771.8
1.432,3310.5596,29.41449737548828,3310.5596,-1143.6482421875,10959805.0
1.436,7223.039,28.571115493774414,7223.039,220.7037109375,52172292.0
1.44,7223.039,29.086711883544922,7223.039,2287.295703125,52172292.0
1.444,3310.5596,29.258344650268555,3310.5596,3852.2873046875,10959805.0
1.448,-1504.8008,29.818531036376953,1504.8008,3912.479296875,2264425.5
1.452,-4213.4414,31.73797607421875,4213.4414,2407.6791015625,17753088.0
1.456,-3511.2012,215.5199432373047,3511.2012,260.8310546875,12328534.0
1.46,-601.9209,40.476009368896484,601.9209,-1304.1609375,362308.78
1.464,2207.039,47.68964385986328,2207.039,-1524.8650390625,4871021.5
1.468,2407.6797,46.11619186401367,2407.6797,-742.3689453125,5796921.5
1.472,0.0,39.40183639526367,0.0,100.3193359375,0.0
1.476,-3210.2412,35.622867584228516,3210.2412,160.511328125,10305649.0
1.48,-4514.3984,216.5350341796875,4514.3984,-621.9841796875,20379794.0
1.484,-2708.6406,32.24079513549805,2708.6406,-1605.1201171875,7336734.0
1.488,1003.1992,32.02138900756836,1003.1992,-1886.0162109375,1006408.7
1.492,3812.1592,31.683744430541992,3812.1592,-1123.584375,14532558.0
1.496,3912.4795,32.19021224975586,3912.4795,300.959765625,15307496.0
1.5,1504.7998,34.33190155029297,1504.7998,1504.7994140625,2264422.5
1.504,-1203.8408,37.47057342529297,1203.8408,1805.759375,1449232.8
1.508,-2106.7207,43.048492431640625,2106.7207,1183.775390625,4438272.0
1.512,-802.56055,202.5355224609375,802.56055,260.8314453125,644103.44
1.516,1605.1191,42.12411880493164,1605.1191,-200.640625,2576407.5
1.52,3210.2393,33.65979766845703,3210.2393,140.447265625,10305636.0
1.524,3109.92,28.041549682617188,3109.92,1003.1994140625,9671602.0
1.528,1304.1592,25.32608985900879,1304.1592,1685.375390625,1700831.1
1.532,-1705.4404,24.043848037719727,1705.4404,1504.7994140625,2908527.0
1.536,-4915.6797,23.496414184570312,4915.6797,200.6396484375,24163906.0
1.54,-7022.3984,23.607988357543945,7022.3984,-1845.887890625,49314080.0
1.544,-6721.4414,226.00485229492188,6721.4414,-3812.16015625,45177776.0
1.548,-3410.8809,24.74116325378418,3410.8809,-4755.1681640625,11634108.0
1.552,2006.3994,25.444564819335938,2006.3994,-4012.8001953125,4025638.5
1.556,6922.078,25.60197639465332,6922.078,-1645.2486328125,47915164.0
1.56,8928.48,25.832332611083984,8928.48,1544.9271484375,79717760.0
1.564,7022.3984,25.929170608520508,7022.3984,4293.6951171875,49314080.0
1.568,2608.3193,25.143115997314453,2608.3193,5497.53515625,6803330.0
1.572,-1906.081,24.170747756958008,1906.081,4715.0390625,3633145.0
1.576,-4915.6797,23.219757080078125,4915.6797,2347.4875,24163906.0
1.58,-5918.879,21.729555130004883,5918.879,-621.984375,35033130.0
1.584,-5417.2812,229.3325958251953,5417.2812,-3109.9203125,29346936.0
1.588,-3711.8408,20.966365814208984,3711.8408,-4373.95234375,13777762.0
1.592,-802.56055,22.288681030273438,802.56055,-4153.2482421875,644103.44
1.596,2507.999,23.00656509399414,2507.999,-2668.5125,6290059.0
1.6,4815.3594,22.64514923095703,4815.3594,-521.66484375,23187686.0
1.604,5316.957,22.450786590576172,5316.957,1625.1828125,28270032.0
1.608,4012.7988,20.62908935546875,4012.7988,3170.1107421875,16102554.0
1.612,2407.6797,15.500874519348145,2407.6797,3812.1587890625,5796921.5
1.616,1404.4795,10.533291816711426,1404.4795,3591.4548828125,1972562.6
1.62,601.91895,9.789236068725586,601.91895,2748.766796875,362306.4
1.624,-1304.1611,16.064159393310547,1304.1611,1424.5431640625,1700836.2
1.628,-4514.3984,22.021013259887695,4514.3984,-280.8962890625,20379794.0
1.632,-7022.3984,25.42588996887207,7022.3984,-2166.9119140625,49314080.0
1.636,-6219.84,221.62570190429688,6219.84,-3691.77578125,38686410.0
1.64,-1504.8008,30.841854095458984,1504.8008,-4113.1197265625,2264425.5
1.644,4213.4375,33.75285339355469,4213.4375,-3009.6,17753056.0
1.648,6621.117,37.39933776855469,6621.117,-782.496875,43839190.0
1.652,3511.1992,39.61219024658203,3511.1992,1324.22265625,12328520.0
1.656,-2909.2812,38.97093963623047,2909.2812,1986.334375,8463917.0
1.66,-7925.2812,36.35874938964844,7925.2812,702.23828125,62810084.0
1.664,-7524.0,217.0123291015625,7524.0,-1645.24921875,56610576.0
1.668,-2106.7207,30.29471206665039,2106.7207,-3390.816796875,4438272.0
1.672,4614.7188,28.579076766967773,4614.7188,-3170.112890625,21295630.0
1.676,8326.559,26.67576789855957,8326.559,-922.944921875,69331576.0
1.68,7724.6406,24.830974578857422,7724.6406,2207.039453125,59670070.0
1.684,4514.3984,21.79439353942871,4514.3984,4614.719140625,20379794.0
1.688,2006.3994,14.35202407836914,2006.3994,5437.3431640625,4025638.5
1.692,1203.8398,5.477526664733887,1203.8398,4755.1673828125,1449230.4
1.696,802.5596,5.258382320404053,802.5596,3250.367578125,644101.9
1.7,-1304.1611,15.118182182312012,1304.1611,1444.6072265625,1700836.2
1.704,-5316.961,21.405424118041992,5316.961,-521.6646484375,28270074.0
1.708,-8928.48,24.08946990966797,8928.48,-2708.640625,79717760.0
1.712,-9129.121,223.90731811523438,9129.121,-4775.2328125,83340850.0
1.716,-4614.7188,26.94478416442871,4614.7188,-5858.6884765625,21295630.0
1.72,2407.6797,27.384035110473633,2407.6797,-5116.3203125,5796921.5
1.724,8125.918,28.014564514160156,8125.918,-2427.74453125,66030544.0
1.728,9329.758,28.50812339782715,9329.758,1223.903125,87044380.0
1.732,5718.2383,29.283891677856445,5718.2383,4193.375,32698250.0
1.736,-100.32031,30.524307250976562,100.32031,5096.2546875,10064.165
1.74,-4213.4414,32.46238327026367,4213.4414,3772.03046875,17753088.0
1.744,-4313.758,213.56529235839844,4313.758,1284.0953125,18608506.0
1.748,-1003.2012,43.95881271362305,1003.2012,-782.496484375,1006412.56
1.752,2909.2793,49.7568359375,2909.2793,-1344.28828125,8463906.0
1.756,3912.4795,44.27985763549805,3912.4795,-541.7283203125,15307496.0
1.76,902.8789,36.16621780395508,902.8789,481.5357421875,815190.3
1.764,-4113.121,31.923137664794922,4113.121,521.6630859375,16917766.0
1.768,-7724.6406,30.713661193847656,7724.6406,-822.6248046875,59670070.0
1.772,-6821.758,220.046142578125,6821.758,-2768.8322265625,46536380.0
1.776,-1906.081,29.445056915283203,1906.081,-3932.5443359375,3633145.0
1.78,3812.1592,29.886592864990234,3812.1592,-3350.68828125,14532558.0
1.784,6621.117,30.644561767578125,6621.117,-1203.840625,43839190.0
1.788,5216.6367,31.77797508239746,5216.6367,1384.41484375,27213298.0
1.792,1103.5195,33.59712600708008,1103.5195,2969.4703125,1217755.4
1.796,-2909.2812,34.258914947509766,2909.2812,2768.8302734375,8463917.0
1.8,-4815.3594,32.08805847167969,4815.3594,1043.3265625,23187686.0
1.804,-4414.078,221.32778930664062,4414.078,-1163.7125,19484086.0
1.808,-1906.081,26.12959098815918,1906.081,-2588.2560546875,3633145.0
1.812,2307.3594,24.840301513671875,2307.3594,-2347.4880859375,5323907.5
1.816,7022.3984,24.643217086791992,7022.3984,-361.1521484375,49314080.0
1.82,9931.68,25.000003814697266,9931.68,2588.2556640625,98638264.0
1.824,8727.84,25.513072967529297,8727.84,5216.6392578125,76175190.0
1.828,3109.92,26.107309341430664,3109.92,6219.839453125,9671602.0
1.832,-4113.121,26.54228973388672,4113.121,4935.743359375,16917766.0
1.836,-8727.84,26.908308029174805,8727.84,1785.695703125,76175190.0
1.84,-8326.559,222.63751220703125,8326.559,-1865.951953125,69331576.0
1.844,-4213.4414,27.36715316772461,4213.4414,-4454.208203125,17753088.0
1.848,-100.32031,27.121021270751953,100.32031,-5096.25625,10064.165
1.852,1705.4395,27.800649642944336,1705.4395,-3932.544140625,2908523.8
1.856,1304.1592,29.37241554260254,1304.1592,-1926.1443359375,1700831.1
1.86,401.2793,39.840450286865234,401.2793,-180.5767578125,161025.08
1.864,-401.28125,51.001609802246094,401.28125,581.8552734375,161026.64
1.868,-1404.4805,28.78056526184082,1404.4805,321.0232421875,1972565.4
1.872,-2508.001,225.9004669189453,2508.001,-521.66484375,6290069.0
1.876,-2207.041,27.668914794921875,2207.041,-1223.9048828125,4871030.0
1.88,1003.1992,29.565397262573242,1003.1992,-1103.5208984375,1006408.7
1.884,5316.957,29.889625549316406,5316.957,40.1267578125,28270032.0
1.888,7223.039,31.011516571044922,7223.039,1765.6306640625,52172292.0
1.892,4213.4375,32.59516525268555,4213.4375,3109.918359375,17753056.0
1.896,-1705.4404,34.313480377197266,1705.4404,3210.2384765625,2908527.0
1.9,-5517.5977,37.745845794677734,5517.5977,1906.0791015625,30443884.0
1.904,-3711.8408,206.1228790283203,3711.8408,100.31953125,13777762.0
1.908,1906.0791,49.73781204223633,1906.0791,-963.0724609375,3633137.5
1.912,5617.918,47.73027038574219,5617.918,-682.1763671875,31561002.0
1.916,3410.88,41.0084114074707,3410.88,341.0876953125,11634102.0
1.92,-3410.8809,36.05570602416992,3410.8809,762.4310546875,11634108.0
1.924,-9129.121,32.99781799316406,9129.121,-321.025,83340850.0
1.928,-9129.121,218.9772186279297,9129.121,-2528.0650390625,83340850.0
1.932,-3711.8408,29.50438690185547,3711.8408,-4394.016796875,13777762.0
1.936,2909.2793,28.195598602294922,2909.2793,-4494.3369140625,8463906.0
1.94,6520.797,26.675748825073242,6520.797,-2508.0013671875,42520790.0
1.944,6119.5195,24.02389144897461,6119.5195,541.7267578125,37448520.0
1.948,3912.4795,19.663394927978516,3912.4795,3150.046875,15307496.0
1.952,2207.039,12.555535316467285,2207.039,4333.8228515625,4871021.5
1.956,1605.1191,5.80142068862915,1605.1191,4072.9908203125,2576407.5
1.96,1103.5195,9.523911476135254,1103.5195,2989.5353515625,1217755.4
1.964,-300.96094,16.998817443847656,300.96094,1705.4392578125,90577.484
1.968,-2407.6807,21.310611724853516,2407.6807,441.4072265625,5796926.0
1.972,-4113.121,23.05423927307129,4113.121,-822.6248046875,16917766.0
1.976,-4514.3984,225.3258819580078,4514.3984,-2046.5283203125,20379794.0
1.98,-3009.6006,26.308635711669922,3009.6006,-2869.15234375,9057696.0
1.984,100.319336,27.247976303100586,100.319336,-2788.8962890625,10063.969
1.988,3812.1592,28.373916625976562,3812.1592,-1544.9283203125,14532558.0
1.992,6320.16,29.264158248901367,6320.16,541.7279296875,39944424.0
1.996,5718.2383,29.168994903564453,5718.2383,2588.2552734375,32698250.0
2.0,1705.4395,28.69597053527832,1705.4395,3531.26328125,2908523.8
2.004,-4012.8008,28.238590240478516,4012.8008,2708.6392578125,16102570.0
2.008,-8326.559,27.682659149169922,8326.559,280.895703125,69331576.0
2.012,-8727.84,223.06394958496094,8727.84,-2728.704296875,76175190.0
2.016,-5216.6406,25.88221549987793,5216.6406,-4915.680078125,27213340.0
2.02,-100.32031,24.5085391998291,100.32031,-5276.83203125,10064.165
2.024,4012.7988,22.681507110595703,4012.7988,-3671.712109375,16102554.0
2.028,6019.199,20.500614166259766,6019.199,-802.560546875,36230760.0
2.032,6320.16,18.853410720825195,6320.16,2207.039453125,39944424.0
2.036,5517.5977,18.135028839111328,5517.5977,4353.887109375,30443884.0
2.04,3711.8398,19.476043701171875,3711.8398,5116.319140625,13777755.0
2.044,501.5996,22.605438232421875,501.5996,4414.079296875,251602.17
2.048,-3109.921,25.03419303894043,3109.921,2588.2552734375,9671608.0
2.052,-5216.6406,27.706396102905273,5216.6406,280.8951171875,27213340.0
2.056,-4213.4414,217.93539428710938,4213.4414,-1665.3126953125,17753088.0
2.06,-501.6006,38.16801452636719,501.6006,-2508.00078125,251603.14
2.064,2808.959,46.8009033203125,2808.959,-2046.52890625,7890250.5
2.068,2708.6396,50.08766555786133,2708.6396,-882.816796875,7336728.5
2.072,-1103.5205,42.70730209350586,1103.5205,-60.1927734375,1217757.5
2.076,-5417.2812,35.65715789794922,5417.2812,-300.9607421875,29346936.0
2.08,-6621.121,217.9066162109375,6621.121,-1524.86484375,43839244.0
2.084,-3310.5605,30.513347625732422,3310.5605,-2748.76875,10959811.0
2.088,2307.3594,29.067935943603516,2307.3594,-2829.0248046875,5323907.5
2.092,6320.16,27.1522274017334,6320.16,-1344.288671875,39944424.0
2.096,6922.078,25.131093978881836,6922.078,1123.583203125,47915164.0
2.1,4915.6797,22.246530532836914,4915.6797,3430.943359375,24163906.0
2.104,2608.3193,16.928409576416016,2608.3193,4614.7193359375,6803330.0
2.108,1203.8398,11.457466125488281,1203.8398,4394.0154296875,1449230.4
2.112,-100.32031,11.17641830444336,100.32031,3109.9193359375,10064.165
2.116,-2708.6406,16.351760864257812,2708.6406,1183.7755859375,7336734.0
2.12,-6520.801,21.333080291748047,6520.801,-1103.5205078125,42520844.0
2.124,-9129.121,23.82390785217285,9129.121,-3451.00859375,83340850.0
2.128,-8025.6016,224.6930694580078,8025.6016,-5296.896875,64410280.0
2.132,-2808.961,26.232160568237305,2808.961,-5838.625,7890261.5
2.136,3611.5195,26.552804946899414,3611.5195,-4574.59296875,13043073.0
2.14,7223.039,26.38906478881836,7223.039,-1825.825,52172292.0
2.144,6420.4805,25.499401092529297,6420.4805,1284.0953125,41222570.0
2.148,3210.2393,23.00439453125,3210.2393,3531.2634765625,10305636.0
2.152,1103.5195,9.700699806213379,1103.5195,4313.7595703125,1217755.4
2.156,1805.7598,34.838687896728516,1805.7598,3952.6076171875,3260768.2
2.16,3611.5195,8.94753646850586,3611.5195,3230.3037109375,13043073.0
2.164,3611.5195,22.211759567260742,3611.5195,2668.5115234375,13043073.0
2.168,702.23926,24.418270111083984,702.23926,2166.9115234375,493139.97
2.172,-3310.5605,24.424448013305664,3310.5605,1284.0955078125,10959811.0
2.176,-5718.2383,23.24276351928711,5718.2383,-220.7041015625,32698250.0
2.18,-5617.918,230.3416290283203,5617.918,-2066.5916015625,31561002.0
2.184,-4614.7188,14.289154052734375,4614.7188,-3711.8392578125,21295630.0
2.188,-4012.8008,10.911673545837402,4012.8008,-4654.847265625,16102570.0
2.192,-3210.2412,14.416650772094727,3210.2412,-4634.7833984375,10305649.0
2.196,-300.96094,20.741159439086914,300.96094,-3551.3279296875,90577.484
2.2,4815.3594,24.864974975585938,4815.3594,-1464.6724609375,23187686.0
2.204,9329.758,27.760515213012695,9329.758,1324.2228515625,87044380.0
2.208,9129.117,29.563377380371094,9129.117,3952.6064453125,83340780.0
2.212,3410.88,30.579225540161133,3410.88,5276.8306640625,11634102.0
2.216,-4012.8008,31.606258392333984,4012.8008,4534.4626953125,16102570.0
2.22,-7724.6406,32.704898834228516,7724.6406,2026.4626953125,59670070.0
2.224,-5517.5977,215.4827117919922,5517.5977,-943.0083984375,30443884.0
2.228,-200.64062,38.346710205078125,200.64062,-2808.9599609375,40256.66
2.232,2909.2793,46.57966995239258,2909.2793,-2909.280078125,8463906.0
2.236,1404.4795,58.58568572998047,1404.4795,-1825.8240234375,1972562.6
2.24,-2508.001,53.311885833740234,2508.001,-782.49609375,6290069.0
2.244,-4313.758,208.1929168701172,4313.758,-541.728125,18608506.0
2.248,-1906.081,36.089385986328125,1906.081,-882.8162109375,3633145.0
2.252,2307.3594,33.77321243286133,2307.3594,-1003.2001953125,5323907.5
2.256,4514.3984,33.536312103271484,4514.3984,-381.21640625,20379794.0
2.26,3009.5996,34.960777282714844,3009.5996,722.3037109375,9057690.0
2.264,-100.32031,39.730228424072266,100.32031,1564.9912109375,10064.165
2.268,-1203.8408,59.45016098022461,1203.8408,1705.4392578125,1449232.8
2.272,501.5996,173.11392211914062,501.5996,1344.2873046875,251602.17
2.276,2608.3193,45.91703414916992,2608.3193,963.071484375,6803330.0
2.28,2307.3594,37.06599044799805,2307.3594,822.6234375,5323907.5
2.284,-601.9209,35.042938232421875,601.9209,722.3033203125,362308.78
2.288,-3611.5215,35.10791015625,3611.5215,240.7671875,13043087.0
2.292,-4012.8008,214.1096954345703,4012.8008,-662.112890625,16102570.0
2.296,-1304.1611,36.104225158691406,1304.1611,-1444.608984375,1700836.2
2.3,2708.6396,35.61166000366211,2708.6396,-1364.3529296875,7336728.5
2.304,5316.957,34.2169189453125,5316.957,-180.57734375,28270032.0
2.308,4614.7188,31.97292709350586,4614.7188,1464.670703125,21295630.0
2.312,802.5596,30.25574493408203,802.5596,2427.7427734375,644101.9
2.316,-4313.758,29.679576873779297,4313.758,1825.8234375,18608506.0
2.32,-7624.3203,29.319923400878906,7624.3203,-240.7685546875,58130260.0
2.324,-6922.078,220.98974609375,6922.078,-2688.5755859375,47915164.0
2.328,-2407.6807,29.508014678955078,2407.6807,-4093.05546875,5796926.0
2.332,3310.5596,30.303869247436523,3310.5596,-3591.45546875,10959805.0
2.336,6520.797,30.70417594909668,6520.797,-1424.54453125,42520790.0
2.34,5617.918,31.772382736206055,5617.918,1223.903125,31561002.0
2.344,1504.7998,33.38716506958008,1504.7998,2909.2787109375,2264422.5
2.348,-2508.001,33.86345672607422,2508.001,2889.2146484375,6290069.0
2.352,-3812.1611,33.5491943359375,3812.1611,1464.6705078125,14532573.0
2.356,-2407.6807,217.3328094482422,2407.6807,-321.025,5796926.0
2.36,-401.28125,28.579891204833984,401.28125,-1524.86484375,161026.64
2.364,300.95898,16.509899139404297,300.95898,-1765.6330078125,90576.31
2.368,100.319336,5.542423248291016,100.319336,-1243.9689453125,10063.969
2.372,401.2793,5.5648722648620605,401.2793,-401.280859375,161025.08
2.376,1705.4395,19.46982765197754,1705.4395,421.3431640625,2908523.8
2.38,3210.2393,23.994565963745117,3210.2393,1143.647265625,10305636.0
2.384,3511.1992,24.67617416381836,3511.1992,1785.6953125,12328520.0
2.388,2307.3594,23.752641677856445,2307.3594,2227.1033203125,5323907.5
2.392,0.0,24.00686264038086,0.0,2146.8474609375,0.0
2.396,-2608.3213,24.463531494140625,2608.3213,1284.0953125,6803340.0
2.4,-4614.7188,26.263044357299805,4614.7188,-280.8962890625,21295630.0
2.404,-4614.7188,220.7301483154297,4614.7188,-1906.0798828125,21295630.0
2.408,-1805.7607,31.35950469970703,1805.7607,-2728.70390625,3260771.8
2.412,2808.959,33.777103424072266,2808.959,-2166.912109375,7890250.5
2.416,6219.84,35.7302360534668,6219.84,-401.2798828125,38686410.0
2.42,5116.3203,35.933509826660156,5116.3203,1544.9279296875,26176734.0
2.424,-501.6006,35.832027435302734,501.6006,2367.5515625,251603.14
2.428,-6721.4414,35.819007873535156,6721.4414,1384.4154296875,45177776.0
2.432,-8125.918,214.47503662109375,8125.918,-802.5599609375,66030544.0
2.436,-3210.2412,35.63007354736328,3210.2412,-2688.576171875,10305649.0
2.44,4113.117,36.23313522338867,4113.117,-2889.216796875,16917732.0
2.444,7624.3203,37.055606842041016,7624.3203,-1264.0326171875,58130260.0
2.448,4614.7188,38.11033630371094,4614.7188,1003.1994140625,21295630.0
2.452,-1504.8008,38.9832878112793,1504.8008,2327.4228515625,2264425.5
2.456,-4915.6797,39.8369255065918,4915.6797,1986.33515625,24163906.0
2.46,-3210.2412,208.63833618164062,3210.2412,521.6634765625,10305649.0
2.464,802.5596,43.484413146972656,802.5596,-842.688671875,644101.9
2.468,2507.999,47.449134826660156,2507.999,-1264.0326171875,6290059.0
2.472,702.23926,54.47453689575195,702.23926,-822.624609375,493139.97
2.476,-2006.4004,55.67531967163086,2006.4004,-240.76875,4025642.5
2.48,-2207.041,202.45565795898438,2207.041,-40.1287109375,4871030.0
2.484,501.5996,40.95534133911133,501.5996,-100.320703125,251602.17
2.488,3410.88,37.19407653808594,3410.88,80.25546875,11634102.0
2.492,3711.8398,33.39506530761719,3711.8398,682.1755859375,13777755.0
2.496,1705.4395,30.315752029418945,1705.4395,1424.5435546875,2908523.8
2.5,-802.56055,27.60555076599121,802.56055,1705.4396484375,644103.44
2.504,-2106.7207,21.58094024658203,2106.7207,1183.7755859375,4438272.0
2.508,-2708.6406,16.680004119873047,2708.6406,-40.128515625,7336734.0
2.512,-3109.921,231.67140197753906,3109.921,-1404.4806640625,9671608.0
2.516,-2708.6406,21.460737228393555,2708.6406,-2287.2966796875,7336734.0
2.52,-1103.5205,23.999034881591797,1103.5205,-2347.488671875,1217757.5
2.524,702.23926,24.171241760253906,702.23926,-1785.6966796875,493139.97
2.528,1003.1992,17.12422752380371,1003.1992,-1043.3287109375,1006408.7
2.532,-100.32031,31.243358612060547,100.32031,-441.40859375,10064.165
2.536,-100.32031,2.3083903789520264,100.32031,80.25546875,10064.165
2.54,3009.5996,24.49734115600586,3009.5996,902.8794921875,9057690.0
2.544,7524.0,28.518672943115234,7524.0,2267.231640625,56610576.0
2.548,8627.52,29.893943786621094,8627.52,3792.095703125,74434100.0
2.552,3410.88,30.901330947875977,3410.88,4494.3357421875,11634102.0
2.556,-5417.2812,31.912525177001953,5417.2812,3430.9435546875,29346936.0
2.56,-10934.879,32.65522003173828,10934.879,642.0478515625,119571576.0
2.564,-8828.16,216.38711547851562,8828.16,-2628.3841796875,77936410.0
2.568,-1103.5205,34.66608428955078,1103.5205,-4574.5921875,1217757.5
2.572,5617.918,34.810577392578125,5617.918,-4133.1845703125,31561002.0
2.576,6922.078,33.911476135253906,6922.078,-1665.3126953125,47915164.0
2.58,3812.1592,31.526262283325195,3812.1592,1284.094921875,14532558.0
2.584,401.2793,25.78496551513672,401.2793,3129.9828125,161025.08
2.588,-1203.8408,17.28371810913086,1203.8408,3109.91875,1449232.8
2.592,-2006.4004,11.091263771057129,2006.4004,1585.055078125,4025642.5
2.596,-3310.5605,13.099334716796875,3310.5605,-461.47265625,10959811.0
2.6,-4815.3594,19.446590423583984,4815.3594,-2186.9763671875,23187686.0
2.604,-4815.3594,228.41433715820312,4815.3594,-3230.3041015625,23187686.0
2.608,-3109.921,21.032268524169922,3109.921,-3611.5201171875,9671608.0
2.612,-702.2412,19.421329498291016,702.2412,-3350.68828125,493142.72
2.616,1103.5195,15.316367149353027,1103.5195,-2467.872265625,1217755.4
2.62,2608.3193,13.584105491638184,2608.3193,-983.1365234375,6803330.0
2.624,4414.078,16.16312026977539,4414.078,862.7509765625,19484086.0
2.628,6119.5195,20.19484519958496,6119.5195,2708.6390625,37448520.0
2.632,5918.879,25.17047691345215,5918.879,4032.8630859375,35033130.0
2.636,2207.039,28.423383712768555,2207.039,4253.5669921875,4871021.5
2.64,-3711.8408,31.04124641418457,3711.8408,2989.5349609375,13777762.0
2.644,-8125.918,33.768150329589844,8125.918,481.5357421875,66030544.0
2.648,-7022.3984,214.93299865722656,7022.3984,-2146.8478515625,49314080.0
2.652,-401.28125,35.237022399902344,401.28125,-3410.8798828125,161026.64
2.656,7524.0,34.8245735168457,7524.0,-2347.4876953125,56610576.0
2.66,10734.238,33.43996810913086,10734.238,541.728125,115223870.0
2.664,6922.078,31.9768123626709,6922.078,3551.32734375,47915164.0
2.668,-1304.1611,31.05177879333496,1304.1611,4694.9748046875,1700836.2
2.672,-8426.879,30.218801498413086,8426.879,3089.8552734375,71012290.0
2.676,-10232.641,220.35446166992188,10232.641,-461.4728515625,104706936.0
2.68,-6520.801,28.92839241027832,6520.801,-3912.4806640625,42520844.0
2.684,-702.2412,28.071630477905273,702.2412,-5437.34453125,493142.72
2.688,3812.1592,27.99506378173828,3812.1592,-4414.08046875,14532558.0
2.692,5016.0,27.10984992980957,5016.0,-1725.5046875,25160256.0
2.696,3711.8398,25.324050903320312,3711.8398,1063.39140625,13777755.0
2.7,1605.1191,24.31338882446289,1605.1191,2688.575390625,2576407.5
2.704,200.63965,19.344608306884766,200.63965,2869.1515625,40256.27
2.708,0.0,4.45108699798584,0.0,2106.7197265625,0.0
2.712,300.95898,10.067119598388672,300.95898,1163.7115234375,90576.31
2.716,-100.32031,12.083049774169922,100.32031,401.2794921875,10064.165
2.72,-1605.1211,23.209758758544922,1605.1211,-240.7685546875,2576413.8
2.724,-3109.921,25.944026947021484,3109.921,-902.8806640625,9671608.0
2.728,-3210.2412,222.81712341308594,3210.2412,-1544.92890625,10305649.0
2.732,-1605.1211,27.302522659301758,1605.1211,-1926.144921875,2576413.8
2.736,702.23926,28.31105613708496,702.23926,-1765.6330078125,493139.97
2.74,2106.7197,29.940975189208984,2106.7197,-1023.26484375,4438268.0
2.744,1705.4395,31.45966339111328,1705.4395,-60.1927734375,2908523.8
2.748,401.2793,37.55516052246094,401.2793,662.111328125,161025.08
2.752,-501.6006,61.19881057739258,501.6006,882.8154296875,251603.14
2.756,-501.6006,194.85662841796875,501.6006,642.0474609375,251603.14
2.76,100.319336,28.970178604125977,100.319336,240.7673828125,10063.969
2.764,902.8789,19.05605697631836,902.8789,80.2552734375,815190.3
2.768,2106.7197,18.535093307495117,2106.7197,421.343359375,4438268.0
2.772,3511.1992,22.430633544921875,3511.1992,1223.9033203125,12328520.0
2.776,3711.8398,25.763713836669922,3711.8398,2066.59140625,13777755.0
2.78,1103.5195,28.458581924438477,1103.5195,2267.2314453125,1217755.4
2.784,-3611.5215,29.99103355407715,3611.5215,1364.3513671875,13043087.0
2.788,-7122.7188,31.42514991760254,7122.7188,-481.536328125,50733124.0
2.792,-6019.199,216.76853942871094,6019.199,-2387.616015625,36230760.0
2.796,-501.6006,35.046180725097656,501.6006,-3230.3041015625,251603.14
2.8,5016.0,37.754905700683594,5016.0,-2447.8080078125,25160256.0
2.804,5617.918,41.23023223876953,5617.918,-601.9201171875,31561002.0
2.808,802.5596,43.27485275268555,802.5596,983.135546875,644101.9
2.812,-4915.6797,42.424678802490234,4915.6797,1203.839453125,24163906.0
2.816,-6520.801,210.43994140625,6520.801,-0.0005859375,42520844.0
2.82,-2407.6807,35.956233978271484,2407.6807,-1484.73671875,5796926.0
2.824,4012.7988,32.76472854614258,4012.7988,-1805.760546875,16102554.0
2.828,8125.918,30.60572052001953,8125.918,-341.0888671875,66030544.0
2.832,7524.0,28.656198501586914,7524.0,2146.8470703125,56610576.0
2.836,3511.1992,26.653709411621094,3511.1992,4153.2470703125,12328520.0
2.84,-1003.2012,24.85626792907715,1003.2012,4434.14296875,1006412.56
2.844,-3711.8408,22.45939826965332,3711.8408,2889.2150390625,13777762.0
2.848,-4213.4414,18.749408721923828,4213.4414,421.3431640625,17753088.0
2.852,-3611.5215,13.931318283081055,3611.5215,-1805.7611328125,13043087.0
2.856,-3009.6006,242.46339416503906,3009.6006,-3109.92109375,9057696.0
2.86,-3109.921,4.144292831420898,3109.921,-3531.2650390625,9671608.0
2.864,-3511.2012,9.627483367919922,3511.2012,-3491.137109375,12328534.0
2.868,-3310.5605,14.411291122436523,3310.5605,-3310.5609375,10959811.0
2.872,-1605.1211,18.178022384643555,1605.1211,-2909.280859375,2576413.8
2.876,2106.7197,20.930057525634766,2106.7197,-1886.016796875,4438268.0
2.88,6821.758,22.623558044433594,6821.758,100.3189453125,46536380.0
2.884,10232.641,24.24734115600586,10232.641,2849.0873046875,104706936.0
2.888,9630.719,25.33786964416504,9630.719,5437.3431640625,92750744.0
2.892,4414.078,26.119482040405273,4414.078,6641.1830078125,19484086.0
2.896,-3109.921,26.937211990356445,3109.921,5597.8548828125,9671608.0
2.9,-8727.84,27.763147354125977,8727.84,2487.9353515625,76175190.0
2.904,-9129.121,221.524658203125,9129.121,-1384.4169921875,83340850.0
2.908,-4915.6797,28.672679901123047,4915.6797,-4293.6966796875,24163906.0
2.912,0.0,28.945762634277344,0.0,-5176.5123046875,0.0
2.916,2106.7197,29.671602249145508,2106.7197,-4133.1841796875,4438268.0
2.92,802.5596,27.15373992919922,802.5596,-2227.104296875,644101.9
2.924,-902.88086,86.99726867675781,902.88086,-581.85625,815193.9
2.928,-100.32031,28.9072208404541,100.32031,381.215625,10064.165
2.932,3109.92,30.748836517333984,3109.92,1003.199609375,9671602.0
2.936,5517.5977,30.671152114868164,5517.5977,1685.3751953125,30443884.0
2.94,4514.3984,30.251394271850586,4514.3984,2427.74296875,20379794.0
2.944,702.23926,29.67562484741211,702.23926,2748.7669921875,493139.97
2.948,-2708.6406,28.079809188842773,2708.6406,2227.1029296875,7336734.0
2.952,-3511.2012,25.321142196655273,3511.2012,902.8787109375,12328534.0
2.956,-2307.3613,233.22547912597656,2307.3613,-662.1130859375,5323916.5
2.96,-1705.4404,240.99644470214844,1705.4404,-1906.080859375,2908527.0
2.964,-2808.961,1.218970537185669,2808.961,-2608.3208984375,7890261.5
2.968,-4012.8008,230.15365600585938,4012.8008,-2869.1529296875,16102570.0
2.972,-2808.961,26.334514617919922,2808.961,-2728.7048828125,7890261.5
2.976,1103.5195,28.717300415039062,1103.5195,-2046.5287109375,1217755.4
2.98,4614.7188,29.802770614624023,4614.7188,-782.496875,21295630.0
2.984,4715.039,31.81991195678711,4715.039,722.303125,22231594.0
2.988,1504.7998,36.655765533447266,1504.7998,1825.8232421875,2264422.5
2.992,-1404.4805,56.94219970703125,1404.4805,2106.7193359375,1972565.4
2.996,-702.2412,173.80572509765625,702.2412,1745.5671875,493142.72
3.0,3410.88,43.03571319580078,3410.88,1504.7994140625,11634102.0
3.004,7022.3984,33.595523834228516,7022.3984,1966.2712890625,49314080.0
3.008,5918.879,31.11026954650879,5918.879,2849.087109375,35033130.0
3.012,-401.28125,30.000429153442383,401.28125,3049.726953125,161026.64
3.016,-7824.961,28.99077606201172,7824.961,1625.1830078125,61230012.0
3.02,-11536.801,28.409669876098633,11536.801,-1364.353125,133097780.0
3.024,-9229.441,221.8677520751953,9229.441,-4614.72109375,85182590.0
3.028,-2708.6406,27.57468605041504,2708.6406,-6340.225,7336734.0
3.032,3812.1592,27.157283782958984,3812.1592,-5497.5369140625,14532558.0
3.036,6821.758,26.711904525756836,6821.758,-2568.1931640625,46536380.0
3.04,5718.2383,25.55712890625,5718.2383,882.8146484375,32698250.0
3.044,2708.6396,24.568622589111328,2708.6396,3270.430859375,7336728.5
3.048,401.2793,21.81898307800293,401.2793,3892.41484375,161025.08
3.052,601.91895,69.01446533203125,601.91895,3250.366796875,362306.4
3.056,2608.3193,8.537328720092773,2608.3193,2407.6791015625,6803330.0
3.06,4213.4375,22.65572166442871,4213.4375,2106.7189453125,17753056.0
3.064,3410.88,23.959245681762695,3410.88,2247.1669921875,11634102.0
3.068,-100.32031,23.954130172729492,100.32031,2146.8470703125,10064.165
3.072,-4715.039,23.730941772460938,4715.039,1083.45546875,22231594.0
3.076,-8125.918,23.73589324951172,8125.918,-1063.3919921875,66030544.0
3.08,-8527.199,226.34194946289062,8527.199,-3611.5193359375,72713130.0
3.084,-5718.2383,23.91811752319336,5718.2383,-5437.34296875,32698250.0
3.088,-902.88086,24.80728530883789,902.88086,-5597.855078125,815193.9
3.092,3410.88,25.799198150634766,3410.88,-3972.6712890625,11634102.0
3.096,5016.0,28.090129852294922,5016.0,-1344.2876953125,25160256.0
3.1,3109.92,34.02017593383789,3109.92,983.1361328125,9671602.0
3.104,-501.6006,51.37749099731445,501.6006,2026.463671875,251603.14
3.108,-2307.3613,181.0707550048828,2307.3613,1745.567578125,5323916.5
3.112,-200.64062,44.541568756103516,200.64062,1023.2634765625,40256.66
3.116,4414.078,34.57699203491211,4414.078,902.8791015625,19484086.0
3.12,7223.039,31.58621597290039,7223.039,1725.5029296875,52172292.0
3.124,5316.957,31.03313636779785,5316.957,2889.214453125,28270032.0
3.128,-300.96094,31.201427459716797,300.96094,3290.49453125,90577.484
3.132,-5216.6406,31.499427795410156,5216.6406,2287.29453125,27213340.0
3.136,-5918.879,217.25205993652344,5918.879,220.703125,35033130.0
3.14,-2608.3213,34.04274368286133,2608.3213,-1745.5689453125,6803340.0
3.144,702.23926,35.311126708984375,702.23926,-2668.5125,493139.97
3.148,1203.8398,44.13933181762695,1203.8398,-2367.55234375,1449230.4
3.152,-702.2412,111.30565643310547,702.2412,-1464.6724609375,493142.72
3.156,-1504.8008,194.66429138183594,1504.8008,-581.8568359375,2264425.5
3.16,702.23926,36.92373275756836,702.23926,80.2552734375,493139.97
3.164,4113.117,33.71419906616211,4113.117,762.430859375,16917732.0
3.168,5316.957,33.08330535888672,5316.957,1585.054296875,28270032.0
3.172,2608.3193,31.81804084777832,2608.3193,2247.16640625,6803330.0
3.176,-1605.1211,30.3092098236084,1605.1211,2227.10234375,2576413.8
3.18,-4012.8008,29.337242126464844,4012.8008,1284.0943359375,16102570.0
3.184,-3310.5605,222.64674377441406,3310.5605,-200.6412109375,10959811.0
3.188,-1404.4805,20.681432723999023,1404.4805,-1544.9287109375,1972565.4
3.192,-802.56055,21.51728630065918,802.56055,-2227.1046875,644103.44
3.196,-1906.081,240.3793487548828,1906.081,-2287.2966796875,3633145.0
3.2,-2808.961,228.49790954589844,2808.961,-2046.5287109375,7890261.5
3.204,-1906.081,25.115497589111328,1906.081,-1765.6328125,3633145.0
3.208,702.23926,26.931060791015625,702.23926,-1344.2888671875,493139.97
3.212,3109.92,28.043981552124023,3109.92,-561.7927734375,9671602.0
3.216,3310.5596,27.214099884033203,3310.5596,481.5353515625,10959805.0
3.22,1805.7598,25.670251846313477,1805.7598,1404.4794921875,3260768.2
3.224,401.2793,18.734031677246094,401.2793,1865.9515625,161025.08
3.228,802.5596,60.07228088378906,802.5596,1886.015625,644101.9
3.232,2307.3594,18.502721786499023,2307.3594,1725.503515625,5323907.5
3.236,2708.6396,26.351959228515625,2708.6396,1605.11953125,7336728.5
3.24,702.23926,27.974201202392578,702.23926,1384.4154296875,493139.97
3.244,-2909.2812,28.6038818359375,2909.2812,722.3033203125,8463917.0
3.248,-5617.918,28.712377548217773,5617.918,-561.7921875,31561002.0
3.252,-5417.2812,221.34840393066406,5417.2812,-2106.7203125,29346936.0
3.256,-2407.6807,28.311241149902344,2407.6807,-3129.984375,5796926.0
3.26,1605.1191,28.231220245361328,1605.1191,-2949.4083984375,2576407.5
3.264,4313.758,27.545501708984375,4313.758,-1504.8005859375,18608506.0
3.268,4715.039,25.99742317199707,4715.039,561.7908203125,22231594.0
3.272,3310.5596,24.959842681884766,3310.5596,2307.358984375,10959805.0
3.276,1203.8398,22.503021240234375,1203.8398,3029.6630859375,1449230.4
3.28,-702.2412,19.882936477661133,702.2412,2568.191015625,493142.72
3.284,-2608.3213,20.43723487854004,2608.3213,1183.7751953125,6803340.0
3.288,-4313.758,21.798036575317383,4313.758,-621.9841796875,18608506.0
3.292,-5016.0,225.64910888671875,5016.0,-2287.29609375,25160256.0
3.296,-3410.8809,26.27295684814453,3410.8809,-3210.240234375,11634108.0
3.3,401.2793,27.278430938720703,401.2793,-2989.5361328125,161025.08
3.304,4614.7188,28.35688591003418,4614.7188,-1544.928125,21295630.0
3.308,6420.4805,28.50650405883789,6420.4805,601.91953125,41222570.0
3.312,4815.3594,28.413625717163086,4815.3594,2568.19140625,23187686.0
3.316,1103.5195,28.66232681274414,1103.5195,3471.071484375,1217755.4
3.32,-1906.081,28.089618682861328,1906.081,3009.5994140625,3633145.0
3.324,-2508.001,26.561199188232422,2508.001,1585.05546875,6290069.0
3.328,-1404.4805,228.43997192382812,1404.4805,20.06328125,1972565.4
3.332,-501.6006,235.67820739746094,501.6006,-1043.3287109375,251603.14
3.336,-802.56055,20.632474899291992,802.56055,-1424.5447265625,644103.44
3.34,-1705.4404,20.83113670349121,1705.4404,-1384.4166015625,2908527.0
3.344,-1805.7607,224.84716796875,1805.7607,-1243.9685546875,3260771.8
3.348,-902.88086,24.882823944091797,902.88086,-1143.6486328125,815193.9
3.352,0.0,21.421344757080078,0.0,-1043.328515625,0.0
3.356,-401.28125,32.789825439453125,401.28125,-963.07265625,161026.64
3.36,-1404.4805,3.794701099395752,1404.4805,-902.8806640625,1972565.4
3.364,-1103.5205,23.29033660888672,1103.5205,-762.4326171875,1217757.5
3.368,1805.7598,27.86774444580078,1805.7598,-220.7044921875,3260768.2
3.372,5818.5586,28.976503372192383,5818.5586,943.0072265625,33855624.0
3.376,7624.3203,29.48448371887207,7624.3203,2548.1275390625,58130260.0
3.38,4614.7188,30.521400451660156,4614.7188,3751.9673828125,21295630.0
3.384,-2307.3613,30.985200881958008,2307.3613,3511.19921875,5323916.5
3.388,-8727.84,31.31828498840332,8727.84,1404.479296875,76175190.0
3.392,-10132.32,218.19920349121094,10132.32,-1785.696484375,102663910.0
3.396,-5216.6406,31.86098289489746,5216.6406,-4353.888671875,27213340.0
3.4,3009.5996,31.841474533081055,3009.5996,-4674.9125,9057690.0
3.404,9430.078,31.591360092163086,9430.078,-2327.424609375,88926376.0
3.408,10232.641,30.976425170898438,10232.641,1464.671484375,104706936.0
3.412,5216.6367,30.546173095703125,5216.6367,4534.462890625,27213298.0
3.416,-2407.6807,29.898780822753906,2407.6807,5096.2548828125,5796926.0
3.42,-8226.238,29.315330505371094,8226.238,2849.0873046875,67671000.0
3.424,-9329.762,220.61141967773438,9329.762,-902.8806640625,87044456.0
3.428,-5517.5977,29.260709762573242,5517.5977,-4052.9283203125,30443884.0
3.432,300.95898,29.22621726989746,300.95898,-5036.0638671875,90576.31
3.436,4614.7188,29.7911319732666,4614.7188,-3631.583984375,21295630.0
3.44,5216.6367,30.270631790161133,5216.6367,-943.008984375,27213298.0
3.444,2808.959,31.11521339416504,2808.959,1484.73515625,7890250.5
3.448,0.0,32.25681686401367,0.0,2588.2546875,0.0
3.452,-902.88086,32.8978385925293,902.88086,2347.48671875,815193.9
3.456,-100.32031,213.5637969970703,100.32031,1404.47890625,10064.165
3.46,501.5996,156.0830078125,501.5996,461.471484375,251602.17
3.464,-401.28125,34.132511138916016,401.28125,-180.5765625,161026.64
3.468,-2207.041,33.803287506103516,2207.041,-621.984765625,4871030.0
3.472,-3009.6006,215.2099151611328,3009.6006,-1043.3287109375,9057696.0
3.476,-1203.8408,34.04721450805664,1203.8408,-1264.0328125,1449232.8
3.48,1906.0791,31.787216186523438,1906.0791,-983.1369140625,3633137.5
3.484,4113.117,30.911441802978516,4113.117,-80.2572265625,16917732.0
3.488,3711.8398,30.414310455322266,3711.8398,1103.5189453125,13777755.0
3.492,1404.4795,28.184986114501953,1404.4795,1986.3349609375,1972562.6
3.496,-501.6006,24.311744689941406,501.6006,2126.7830078125,251603.14
3.5,-802.56055,13.559115409851074,802.56055,1585.055078125,644103.44
3.504,-300.96094,12.434600830078125,300.96094,702.239453125,90577.484
3.508,-802.56055,4.559725284576416,802.56055,-200.640625,644103.44
3.512,-2909.2812,21.542823791503906,2909.2812,-1063.3927734375,8463917.0
3.516,-5016.0,26.769065856933594,5016.0,-1966.27265625,25160256.0
3.52,-4514.3984,221.1577606201172,4514.3984,-2708.640234375,20379794.0
3.524,-702.2412,30.012258529663086,702.2412,-2788.8962890625,493142.72
3.528,4012.7988,30.99129295349121,4012.7988,-1825.8244140625,16102554.0
3.532,6019.199,32.12327194213867,6019.199,-40.1283203125,36230760.0
3.536,3812.1592,34.02666473388672,3812.1592,1725.503515625,14532558.0
3.54,-601.9209,37.83740997314453,601.9209,2507.9990234375,362308.78
3.544,-3210.2412,45.103397369384766,3210.2412,2006.3990234375,10305649.0
3.548,-1605.1211,197.11932373046875,1605.1211,882.8150390625,2576413.8
3.552,2507.999,49.023765563964844,2507.999,180.575,6290059.0
3.556,5216.6367,40.16322708129883,5216.6367,461.4705078125,27213298.0
3.56,3511.1992,35.2620735168457,3511.1992,1284.09453125,12328520.0
3.564,-2106.7207,32.646888732910156,2106.7207,1504.7986328125,4438272.0
3.568,-7624.3203,30.777359008789062,7624.3203,300.9587890625,58130260.0
3.572,-9229.441,220.3661346435547,9229.441,-2046.529296875,85182590.0
3.576,-5718.2383,29.024953842163086,5718.2383,-4233.504296875,32698250.0
3.58,902.8789,28.509706497192383,902.8789,-4755.168359375,815190.3
3.584,7022.3984,28.268606185913086,7022.3984,-2929.34453125,49314080.0
3.588,9630.719,28.500106811523438,9630.719,521.66328125,92750744.0
3.592,7423.6797,29.191987991333008,7423.6797,3852.2875,55111020.0
3.596,1203.8398,30.36635398864746,1203.8398,5236.703125,1449230.4
3.6,-6019.199,31.603307723999023,6019.199,3852.2875,36230760.0
3.604,-10032.0,32.544254302978516,10032.0,441.4078125,100641020.0
3.608,-7824.961,216.9739227294922,7824.961,-3049.728125,61230012.0
3.612,0.0,32.84423065185547,0.0,-4534.4640625,0.0
3.616,8928.48,32.365882873535156,8928.48,-2989.5359375,79717760.0
3.62,13041.598,31.89093589782715,13041.598,822.6234375,170083260.0
3.624,9129.117,31.183252334594727,9129.117,4654.846875,83340780.0
3.628,-300.96094,30.44316291809082,300.96094,6159.646875,90577.484
3.632,-9229.441,29.91342544555664,9229.441,4313.75859375,85182590.0
3.636,-12439.68,29.413013458251953,12439.68,40.1265625,154745630.0
3.64,-8928.48,220.79287719726562,8928.48,-4353.8890625,79717760.0
3.644,-1605.1211,29.29399299621582,1605.1211,-6500.73671875,2576413.8
3.648,4815.3594,29.2263240814209,4815.3594,-5477.47265625,23187686.0
3.652,7323.3594,29.630905151367188,7323.3594,-2166.9125,53631590.0
3.656,5517.5977,30.6104736328125,5517.5977,1424.54296875,30443884.0
3.66,1404.4795,31.110708236694336,1404.4795,3491.1349609375,1972562.6
3.664,-2207.041,31.439685821533203,2207.041,3370.7509765625,4871030.0
3.668,-3611.5215,31.32860565185547,3611.5215,1685.3748046875,13043087.0
3.672,-2808.961,220.91676330566406,2808.961,-341.0892578125,7890261.5
3.676,-1203.8408,25.387348175048828,1203.8408,-1685.376953125,1449232.8
3.68,100.319336,20.194263458251953,100.319336,-1946.208984375,10063.969
3.684,802.5596,12.771475791931152,802.5596,-1344.2888671875,644101.9
3.688,1805.7598,13.516016006469727,1805.7598,-260.8326171875,3260768.2
3.692,3410.88,20.07187843322754,3410.88,983.135546875,11634102.0
3.696,4414.078,23.698026657104492,4414.078,2106.7193359375,19484086.0
3.7,3410.88,25.749744415283203,3410.88,2768.8314453125,11634102.0
3.704,0.0,27.470521926879883,0.0,2608.31953125,0.0
3.708,-4113.121,28.668670654296875,4113.121,1424.543359375,16917766.0
3.712,-6119.5195,29.62408447265625,6119.5195,-481.5365234375,37448520.0
3.716,-4514.3984,218.94281005859375,4514.3984,-2267.2318359375,20379794.0
3.72,-300.96094,33.33827590942383,300.96094,-3009.6,90577.484
3.724,3410.88,36.586421966552734,3410.88,-2327.4240234375,11634102.0
3.728,3812.1592,40.268314361572266,3812.1592,-742.36796875,14532558.0
3.732,802.5596,42.440067291259766,802.5596,642.0478515625,644101.9
3.736,-3410.8809,41.27946853637695,3410.8809,862.7513671875,11634108.0
3.74,-5316.961,212.1638641357422,5316.961,-140.4486328125,28270074.0
3.744,-3009.6006,34.08402633666992,3009.6006,-1424.5447265625,9057696.0
3.748,2106.7197,31.77431297302246,2106.7197,-1765.6326171875,4438268.0
3.752,6821.758,30.767297744750977,6821.758,-561.79296875,46536380.0
3.756,7925.2773,29.971284866333008,7925.2773,1705.438671875,62810020.0
3.76,4514.3984,29.954734802246094,4514.3984,3671.710546875,20379794.0
3.764,-1705.4404,30.368377685546875,1705.4404,3932.542578125,2908527.0
3.768,-6922.078,30.494108200073242,6922.078,2126.7830078125,47915164.0
3.772,-8125.918,218.8978271484375,8125.918,-862.7521484375,66030544.0
3.776,-4514.3984,31.710649490356445,4514.3984,-3350.6873046875,20379794.0
3.78,1605.1191,31.837568283081055,1605.1191,-3932.5431640625,2576407.5
3.784,6520.797,32.07212829589844,6520.797,-2287.295703125,42520790.0
3.788,7122.7188,31.37425422668457,7122.7188,521.663671875,50733124.0
3.792,3812.1592,29.663278579711914,3812.1592,2909.2791015625,14532558.0
3.796,-702.2412,28.34843635559082,702.2412,3671.710546875,493142.72
3.8,-3410.8809,25.662351608276367,3410.8809,2668.510546875,11634108.0
3.804,-3511.2012,19.207515716552734,3511.2012,662.1109375,12328534.0
3.808,-2808.961,8.13437557220459,2808.961,-1324.225,7890261.5
3.812,-3109.921,0.45636096596717834,3109.921,-2708.641015625,9671608.0
3.816,-4614.7188,238.75111389160156,4614.7188,-3491.1365234375,21295630.0
3.82,-5116.3203,20.34518814086914,5116.3203,-3832.2244140625,26176734.0
3.824,-2508.001,23.890607833862305,2508.001,-3631.584375,6290069.0
3.828,3210.2393,25.906312942504883,3210.2393,-2427.7443359375,10305636.0
3.832,8828.16,26.75774383544922,8828.16,-40.128125,77936410.0
3.836,10533.598,27.174060821533203,10533.598,2989.53515625,110956680.0
3.84,6922.078,27.920455932617188,6922.078,5397.21484375,47915164.0
3.844,200.63965,28.72135353088379,200.63965,5938.94296875,40256.27
3.848,-5216.6406,30.070348739624023,5216.6406,4253.5669921875,27213340.0
3.852,-6119.5195,33.28345489501953,6119.5195,1264.0310546875,37448520.0
3.856,-2508.001,210.6009979248047,2508.001,-1344.288671875,6290069.0
3.86,2307.3594,47.93088912963867,2307.3594,-2267.232421875,5323907.5
3.864,4614.7188,47.206581115722656,4614.7188,-1384.4166015625,21295630.0
3.868,2307.3594,38.08396911621094,2307.3594,120.3833984375,5323907.5
3.872,-3310.5605,31.862390518188477,3310.5605,682.1751953125,10959811.0
3.876,-8727.84,29.011877059936523,8727.84,-561.792578125,76175190.0
3.88,-10332.961,222.5604248046875,10332.961,-3089.856640625,106770080.0
3.884,-6821.758,26.52960205078125,6821.758,-5377.151953125,46536380.0
3.888,300.95898,26.04387664794922,300.95898,-5778.43203125,90576.31
3.892,7524.0,25.555463790893555,7524.0,-3611.519921875,56610576.0
3.896,11637.117,25.750782012939453,11637.117,461.471484375,135422500.0
3.9,10633.918,25.925012588500977,10633.918,4654.847265625,113080210.0
3.904,5417.2773,25.946237564086914,5417.2773,7102.654296875,29346894.0
3.908,-1504.8008,26.844806671142578,1504.8008,6741.50234375,2264425.5
3.912,-6621.121,27.37120246887207,6621.121,3912.478125,43839244.0
3.916,-7824.961,27.956342697143555,7824.961,20.0625,61230012.0
3.92,-5116.3203,220.6967315673828,5116.3203,-3129.98515625,26176734.0
3.924,-702.2412,29.387876510620117,702.2412,-4353.8888671875,493142.72
3.928,2708.6396,28.900794982910156,2708.6396,-3511.20078125,7336728.5
3.932,3912.4795,27.36972427368164,3912.4795,-1404.4806640625,15307496.0
3.936,3511.1992,22.510719299316406,3511.1992,862.7513671875,12328520.0
3.94,2708.6396,19.56365394592285,2708.6396,2427.743359375,7336728.5
3.944,1304.1592,19.573089599609375,1304.1592,2829.0234375,1700831.1
3.948,-1203.8408,20.973438262939453,1203.8408,2046.52734375,1449232.8
3.952,-4915.6797,23.557567596435547,4915.6797,280.8955078125,24163906.0
3.956,-8025.6016,25.373811721801758,8025.6016,-2026.4646484375,64410280.0
3.96,-7824.961,223.85568237304688,7824.961,-4133.184765625,61230012.0
3.964,-3611.5215,25.911487579345703,3611.5215,-5116.3208984375,13043087.0
3.968,2608.3193,25.586376190185547,2608.3193,-4353.8888671875,6803330.0
3.972,7624.3203,25.134939193725586,7624.3203,-1845.8888671875,58130260.0
3.976,9129.117,24.144773483276367,9129.117,1585.0548828125,83340780.0
3.98,7223.039,23.076107025146484,7223.039,4594.6548828125,52172292.0
3.984,3611.5195,21.530670166015625,3611.5195,6039.2630859375,13043073.0
3.988,100.319336,19.99033546447754,100.319336,5537.6630859375,10063.969
3.992,-2608.3213,19.46891212463379,2608.3213,3491.134765625,6803340.0
3.996,-4213.4414,19.867008209228516,4213.4414,822.623046875,17753088.0
4.0,-4414.078,20.30179786682129,4414.078,-1504.800390625,19484086.0
4.004,-3410.8809,229.7992401123047,3410.8809,-2909.28046875,11634108.0
4.008,-1805.7607,19.790985107421875,1805.7607,-3290.496484375,3260771.8
4.012,-601.9209,15.10535717010498,601.9209,-2889.21640625,362308.78
4.016,-100.32031,8.793702125549316,100.32031,-2066.5921875,10064.165
4.02,401.2793,9.804940223693848,401.2793,-1103.520703125,161025.08
4.024,1605.1191,17.945650100708008,1605.1191,-100.320703125,2576407.5
4.028,3210.2393,25.624677658081055,3210.2393,902.879296875,10305636.0
4.032,3611.5195,28.552045822143555,3611.5195,1745.5673828125,13043073.0
4.036,1705.4395,30.165056228637695,1705.4395,2106.7193359375,2908523.8
4.04,-2006.4004,30.740541458129883,2006.4004,1625.1833984375,4025642.5
4.044,-5216.6406,30.4822940826416,5216.6406,260.8314453125,27213340.0
4.048,-5617.918,219.94964599609375,5617.918,-1504.8,31561002.0
4.052,-2909.2812,28.681747436523438,2909.2812,-2808.96015625,8463917.0
4.056,1103.5195,27.425195693969727,1103.5195,-2929.344140625,1217755.4
4.06,4414.078,26.781522750854492,4414.078,-1645.2484375,19484086.0
4.064,5617.918,25.985431671142578,5617.918,521.66328125,31561002.0
4.068,4514.3984,26.068044662475586,4514.3984,2548.1265625,20379794.0
4.072,1605.1191,26.55077362060547,1605.1191,3451.006640625,2576407.5
4.076,-2006.4004,27.773269653320312,2006.4004,2829.02265625,4025642.5
4.08,-4815.3594,29.949485778808594,4815.3594,983.13515625,23187686.0
4.084,-5016.0,218.65219116210938,5016.0,-1143.6484375,25160256.0
4.088,-2106.7207,32.679874420166016,2106.7207,-2467.872265625,4438272.0
4.092,2507.999,33.55702209472656,2507.999,-2287.2962890625,6290059.0
4.096,5517.5977,33.044029235839844,5517.5977,-782.4966796875,30443884.0
4.1,4815.3594,32.615440368652344,4815.3594,1143.6470703125,23187686.0
4.104,1103.5195,32.459346771240234,1103.5195,2367.5509765625,1217755.4
4.108,-2207.041,32.13652801513672,2207.041,2347.4869140625,4871030.0
4.112,-2508.001,33.76613998413086,2508.001,1344.2869140625,6290069.0
4.116,-300.96094,197.70379638671875,300.96094,180.5751953125,90577.484
4.12,1103.5195,111.82524871826172,1103.5195,-561.7927734375,1217755.4
4.124,-802.56055,37.255271911621094,802.56055,-943.0087890625,644103.44
4.128,-4915.6797,31.840106964111328,4915.6797,-1484.7365234375,24163906.0
4.132,-7223.039,219.3943634033203,7223.039,-2427.744140625,52172292.0
4.136,-4815.3594,30.019079208374023,4815.3594,-3330.623828125,23187686.0
4.14,1304.1592,29.868154525756836,1304.1592,-3290.4958984375,1700831.1
4.144,6922.078,29.701732635498047,6922.078,-1745.5681640625,47915164.0
4.148,8326.559,29.490337371826172,8326.559,902.8794921875,69331576.0
4.152,5216.6367,29.201366424560547,5216.6367,3390.8146484375,27213298.0
4.156,401.2793,28.32374382019043,401.2793,4434.1423828125,161025.08
4.16,-3210.2412,26.998048782348633,3210.2412,3531.2623046875,10305649.0
4.164,-4715.039,25.659473419189453,4715.039,1203.8388671875,22231594.0
4.168,-4514.3984,225.37388610839844,4514.3984,-1364.3525390625,20379794.0
4.172,-2909.2812,25.033905029296875,2909.2812,-2989.5361328125,8463917.0
4.176,100.319336,25.910701751708984,100.319336,-3049.728125,10063.969
4.18,3711.8398,26.399524688720703,3711.8398,-1665.3119140625,13777755.0
4.184,6320.16,27.376113891601562,6320.16,541.7279296875,39944424.0
4.188,5918.879,27.79729461669922,5918.879,2628.3833984375,35033130.0
4.192,2507.999,27.370037078857422,2507.999,3711.839453125,6290059.0
4.196,-1805.7607,26.953428268432617,1805.7607,3330.6234375,3260771.8
4.2,-4414.078,25.768444061279297,4414.078,1705.43984375,19484086.0
4.204,-4514.3984,23.601490020751953,4514.3984,-461.471875,20379794.0
4.208,-3210.2412,229.23056030273438,3210.2412,-2287.2958984375,10305649.0
4.212,-1805.7607,17.999710083007812,1805.7607,-3150.0478515625,3260771.8
4.216,-401.28125,19.51315689086914,401.28125,-2869.151953125,161026.64
4.22,1203.8398,23.879236221313477,1203.8398,-1745.568359375,1449230.4
4.224,2608.3193,30.44710922241211,2608.3193,-321.0248046875,6803330.0
4.228,2407.6797,37.08790969848633,2407.6797,802.559375,5796921.5
4.232,0.0,39.288021087646484,0.0,1163.7115234375,0.0
4.236,-3009.6006,37.99823760986328,3009.6006,642.04765625,9057696.0
4.24,-4113.121,214.15359497070312,4113.121,-421.34453125,16917766.0
4.244,-2006.4004,33.753047943115234,2006.4004,-1344.2884765625,4025642.5
4.248,1805.7598,32.431339263916016,1805.7598,-1464.6724609375,3260768.2
4.252,4313.758,31.440711975097656,4313.758,-601.9208984375,18608506.0
4.256,3912.4795,30.902971267700195,3912.4795,782.4951171875,15307496.0
4.26,1404.4795,31.12852668762207,1404.4795,1886.015234375,1972562.6
4.264,-902.88086,30.064157485961914,902.88086,2106.719140625,815193.9
4.268,-1906.081,28.916994094848633,1906.081,1364.3509765625,3633145.0
4.272,-1906.081,220.7923126220703,1906.081,120.383203125,3633145.0
4.276,-1304.1611,26.82107925415039,1304.1611,-922.944921875,1700836.2
4.28,0.0,26.488842010498047,0.0,-1203.8408203125,0.0
4.284,2307.3594,26.922452926635742,2307.3594,-561.7927734375,5323907.5
4.288,4715.039,26.52104377746582,4715.039,762.43125,22231594.0
4.292,5417.2773,26.815963745117188,5417.2773,2227.1029296875,29346894.0
4.296,3109.92,26.1445369720459,3109.92,3109.919140625,9671602.0
4.3,-1203.8408,25.041641235351562,1203.8408,2869.1509765625,1449232.8
4.304,-5216.6406,23.510604858398438,5216.6406,1364.3509765625,27213340.0
4.308,-7323.3594,21.41127586364746,7323.3594,-1043.3287109375,53631590.0
4.312,-7423.6797,229.78086853027344,7423.6797,-3611.5201171875,55111020.0
4.316,-5818.5586,19.35918426513672,5818.5586,-5397.2158203125,33855624.0
4.32,-2808.961,19.811447143554688,2808.961,-5718.23984375,7890261.5
4.324,1504.7998,21.46839714050293,1504.7998,-4373.9517578125,2264422.5
4.328,5818.5586,22.925859451293945,5818.5586,-1745.5681640625,33855624.0
4.332,8125.918,24.451343536376953,8125.918,1364.3513671875,66030544.0
4.336,6922.078,25.808761596679688,6922.078,3912.4787109375,47915164.0
4.34,2808.959,27.187868118286133,2808.959,5036.0626953125,7890250.5
4.344,-1404.4805,28.35445213317871,1404.4805,4454.206640625,1972565.4
4.348,-3009.6006,29.809120178222656,3009.6006,2688.5748046875,9057696.0
4.352,-1805.7607,215.97686767578125,1805.7607,702.2390625,3260771.8
4.356,100.319336,56.73873519897461,100.319336,-662.1126953125,10063.969
4.36,501.5996,94.42650604248047,501.5996,-1123.5845703125,251602.17
4.364,-702.2412,43.79696273803711,702.2412,-983.13671875,493142.72
4.368,-1705.4404,40.132728576660156,1705.4404,-722.3046875,2908527.0
4.372,-902.88086,205.56512451171875,902.88086,-541.7287109375,815193.9
4.376,1404.4795,48.23177719116211,1404.4795,-280.8966796875,1972562.6
4.38,2909.2793,42.87450408935547,2909.2793,200.6392578125,8463906.0
4.384,1906.0791,34.805091857910156,1906.0791,722.3033203125,3633137.5
4.388,-1404.4805,30.71367645263672,1404.4805,782.4953125,1972565.4
4.392,-5216.6406,28.37488555908203,5216.6406,-80.256640625,27213340.0
4.396,-7223.039,223.4851837158203,7223.039,-1805.7603515625,52172292.0
4.4,-6019.199,25.957534790039062,6019.199,-3591.4560546875,36230760.0
4.404,-1805.7607,24.988142013549805,1805.7607,-4333.8240234375,3260771.8
4.408,3812.1592,24.662654876708984,3812.1592,-3290.49609375,14532558.0
4.412,8727.84,25.32904052734375,8727.84,-501.6,76175190.0
4.416,10332.961,25.909189224243164,10332.961,3009.6,106770080.0
4.42,7223.039,27.06947135925293,7223.039,5658.04765625,52172292.0
4.424,501.5996,28.27914810180664,501.5996,6119.5197265625,251602.17
4.428,-6119.5195,30.238807678222656,6119.5195,4133.183984375,37448520.0
4.432,-8226.238,33.245262145996094,8226.238,742.368359375,67671000.0
4.436,-4313.758,213.02035522460938,4313.758,-2186.975390625,18608506.0
4.44,2407.6797,42.385650634765625,2407.6797,-3150.047265625,5796921.5
4.444,6219.84,45.18962860107422,6219.84,-2006.39921875,38686410.0
4.448,3711.8398,41.88349914550781,3711.8398,-40.12734375,13777755.0
4.452,-3210.2412,38.05369567871094,3210.2412,963.0720703125,10305649.0
4.456,-8627.52,35.2768440246582,8627.52,100.3197265625,74434100.0
4.46,-8025.6016,217.09825134277344,8025.6016,-1986.3365234375,64410280.0
4.464,-1906.081,32.76686477661133,1906.081,-3611.520703125,3633145.0
4.468,5216.6367,32.56776809692383,5216.6367,-3310.561328125,27213298.0
4.472,8326.559,31.708450317382812,8326.559,-1003.2013671875,69331576.0
4.476,6119.5195,32.32536315917969,6119.5195,1946.2064453125,37448520.0
4.48,902.8789,31.13681411743164,902.8789,3731.9025390625,815190.3
4.484,-3611.5215,30.679040908813477,3611.5215,3390.814453125,13043087.0
4.488,-5016.0,31.741348266601562,5016.0,1344.287109375,25160256.0
4.492,-3511.2012,222.05239868164062,3511.2012,-1023.26484375,12328534.0
4.496,-401.28125,35.729225158691406,401.28125,-2327.425,161026.64
4.5,2307.3594,52.20352554321289,2307.3594,-2046.52890625,5323907.5
