Time (s),Depth,Sonic_Velocity,AC,PERM,PORT,RT,SW,Amplitude,Instantaneous_freq,Amplitude_abs,Amplitude_roll_mean,Amplitude_energy
0.08,199.84063217998016,4999.683953708911,,,,,,-4767.375,41.218772888183594,4767.375,-4767.375,22727864.0
0.084,209.84011814888163,4999.80084667006,,,,,,-5244.1133,210.8437957763672,5244.1133,-5005.744140625,27500724.0
0.088,219.8398379064434,4999.917742364174,,,,,,-1668.582,31.94477081298828,1668.582,-3893.3567708333335,2784166.0
0.092,229.8397914581319,5000.0346407913175,,,,,,2622.0586,34.1656494140625,2622.0586,-2264.5029296875,6875191.5
0.096,239.83997880941337,5000.151541951554,,,,,,4529.008,36.0684814453125,4529.008,-905.80078125,20511912.0
0.1,249.8403999657536,5000.268445844948,,,,,,3575.5332,30.324174880981445,3575.5332,762.780859375,12784438.0
0.104,259.84105493261825,5000.385352471562,,,,,,1191.8457,27.540706634521484,1191.8457,2049.97265625,1420496.1
0.108,269.84194371547284,5000.5022618314615,,,,,,-1906.9492,22.967639923095703,1906.9492,2002.29921875,3636455.2
0.112,279.8430663197827,5000.61917392471,,,,,,-5482.4805,21.005355834960938,5482.4805,381.39140625,30057592.0
0.116,289.8444227510125,5000.7360887513705,,,,,,-8581.277,21.73687744140625,8581.277,-2240.665625,73638320.0
0.12,299.84601301462726,5000.853006311508,,,,,,-9534.754,229.03726196289062,9534.754,-4862.723046875,90911540.0
0.124,309.84783711609117,5000.969926605185,,,,,,-6912.6953,22.151090621948242,6912.6953,-6483.63125,47785356.0
0.128,319.84989506086833,5001.0868496324665,,,,,,-1430.2129,20.97271728515625,1430.2129,-6388.283984375,2045508.9
0.132,329.8521868544226,5001.203775393416,,,,,,4529.008,19.707096099853516,4529.008,-4385.986328125,20511912.0
0.136,339.85471250221747,5001.320703888099,,,,,,9773.121,20.24987030029297,9773.121,-715.106640625,95513896.0
0.14,349.8574720097165,5001.4376351165765,,,,,,12633.547,20.325077056884766,12633.547,3718.553515625,159606510.0
0.144,359.8604653823832,5001.554569078914,,,,,,12156.8125,22.07688331604004,12156.8125,7532.455078125,147788100.0
0.148,369.86369262567996,5001.671505775175,,,,,,7151.0664,24.246530532836914,7151.0664,9248.7109375,51137750.0
0.152,379.8671537450696,5001.788445205424,,,,,,-953.4746,26.185678482055664,953.4746,8152.214453125,909113.8
0.156,389.8708487460145,5001.905387369724,,,,,,-8581.277,28.160825729370117,8581.277,4481.334765625,73638320.0
0.16,399.8747776339768,5002.022332268139,,,,,,-11918.441,29.96122169494629,11918.441,-429.062890625,142049250.0
0.164,409.8789404144184,5002.139279900733,,,,,,-8819.645,218.79698181152344,8819.645,-4624.354296875,77786130.0
0.168,419.88333709280073,5002.25623026757,,,,,,-715.10547,30.402000427246094,715.10547,-6197.588671875,511375.84
0.172,429.88796767458496,5002.3731833687125,,,,,,8342.91,28.633831024169922,8342.91,-4338.31171875,69604150.0
0.176,439.89283216523273,5002.490139204227,,,,,,14302.129,27.078218460083008,14302.129,238.36953125,204550900.0
0.18,449.89793057020455,5002.607097774176,,,,,,14302.129,25.107553482055664,14302.129,5482.48359375,204550900.0
0.184,459.9032628957231,5002.724059078631,,,,,,8819.648,23.31924057006836,8819.648,9010.3421875,77786200.0
0.188,469.9088291470249,5002.841023117655,,,,,,715.1074,21.349590301513672,715.1074,9296.384765625,511378.62
0.192,479.9146293290864,5002.957989891304,,,,,,-6435.957,18.588943481445312,6435.957,6340.611328125,41421544.0
0.196,489.92066344736713,5003.074959399646,,,,,,-11680.074,16.203001022338867,11680.074,1144.170703125,136424130.0
0.2,499.92693150732714,5003.19193164274,,,,,,-15970.711,15.861425399780273,15970.711,-4910.397265625,255063600.0
0.204,509.9334335144255,5003.308906620653,,,,,,-18592.77,232.0150909423828,18592.77,-10392.880859375,345691070.0
0.208,519.9401694741215,5003.425884333447,,,,,,-16447.45,20.134864807128906,16447.45,-13825.3921875,270518600.0
0.212,529.9471393918732,5003.542864781188,,,,,,-8342.91,21.583045959472656,8342.91,-14206.7828125,69604150.0
0.216,539.9543432731399,5003.659847963937,,,,,,3098.7969,22.549427032470703,3098.7969,-11251.00859375,9602542.0
0.22,549.9617811233793,5003.77683388176,,,,,,11918.441,22.15890121459961,11918.441,-5673.178125,142049250.0
0.224,559.9694529480496,5003.893822534718,,,,,,14778.867,20.53754425048828,14778.867,1001.14921875,218414910.0
0.228,569.9773587526087,5004.01081392288,,,,,,13110.285,18.308664321899414,13110.285,6912.69609375,171879580.0
0.232,579.9854985425138,5004.127808046304,,,,,,10011.492,15.933221817016602,10011.492,10583.5765625,100229976.0
0.236,589.9938723232228,5004.244804905058,,,,,,6435.957,16.89838218688965,6435.957,11251.00859375,41421544.0
0.24,600.0024801007717,5004.36180449921,,,,,,1191.8457,20.538097381591797,1191.8457,9105.689453125,1420496.1
0.244,610.0113218815236,5004.478806828836,,,,,,-4529.008,23.43191146850586,4529.008,5244.114453125,20511912.0
0.248,620.0203976695041,5004.5958118939825,,,,,,-7866.172,25.79882049560547,7866.172,1048.823046875,61876660.0
0.252,630.0297074701688,5004.712819694712,,,,,,-6912.6953,223.9514617919922,6912.6953,-2336.014453125,47785356.0
0.256,640.0392512889737,5004.82983023109,,,,,,-3813.9004,23.788789749145508,3813.9004,-4385.9859375,14545836.0
0.26,650.0490291313758,5004.946843503181,,,,,,-953.4746,21.583452224731445,953.4746,-4815.05,909113.8
0.264,660.0590410028287,5005.063859511046,,,,,,715.1074,16.974552154541016,715.1074,-3766.226953125,511378.62
0.268,670.0692869087886,5005.1808782547505,,,,,,1906.9512,14.654704093933105,1906.9512,-1811.60234375,3636462.8
0.272,680.0797668547118,5005.297899734359,,,,,,3337.164,19.865922927856445,3337.164,238.36953125,11136664.0
0.276,690.0904808460513,5005.414923949934,,,,,,3813.9023,19.796754837036133,3813.9023,1763.930078125,14545851.0
0.28,700.1014288885951,5005.531950901543,,,,,,3575.5332,15.955093383789062,3575.5332,2669.731640625,12784438.0
0.284,710.1126109897417,5005.6489805892725,,,,,,3098.7969,13.805262565612793,3098.7969,3146.46953125,9602542.0
0.288,720.1240271527226,5005.766013013162,,,,,,2383.6895,13.307221412658691,2383.6895,3241.8171875,5681975.5
0.292,730.1356773829905,5005.883048173273,,,,,,476.73828,16.540525436401367,476.73828,2669.73203125,227279.39
0.296,740.1475616859987,5006.00008606967,,,,,,-3098.795,18.673946380615234,3098.795,1287.192578125,9602530.0
0.3,750.1596800672022,5006.117126702418,,,,,,-7866.172,20.447526931762695,7866.172,-1001.1484375,61876660.0
0.304,760.1720325320522,5006.23417007158,,,,,,-11680.074,22.25025177001953,11680.074,-3956.92265625,136424130.0
0.308,770.184619086002,5006.351216177218,,,,,,-11918.441,228.0806427001953,11918.441,-6817.348828125,142049250.0
0.312,780.1974397345044,5006.468265019398,,,,,,-7866.172,22.284574508666992,7866.172,-8485.930859375,61876660.0
0.316,790.2104944854603,5006.585316598212,,,,,,238.36914,22.969493865966797,238.36914,-7818.498046875,56819.848
0.32,800.2237833425253,5006.702370913702,,,,,,9058.016,22.56914520263672,9058.016,-4433.660546875,82047650.0
0.324,810.237306310553,5006.819427965924,,,,,,15255.605,22.702533721923828,15255.605,953.475390625,232733500.0
0.328,820.2510633949937,5006.936487754944,,,,,,15970.711,22.126745223999023,15970.711,6531.305859375,255063600.0
0.332,830.265054601299,5007.053550280824,,,,,,11918.441,20.567852020263672,11918.441,10488.228515625,142049250.0
0.336,840.2792799349214,5007.170615543629,,,,,,5959.2188,18.274417877197266,5959.2188,11632.3984375,35512290.0
0.34,850.29373940131,5007.287683543421,,,,,,1191.8457,14.27193546295166,1191.8457,10059.164453125,1420496.1
0.344,860.3084330078839,5007.404754280288,,,,,,-2145.3184,11.154011726379395,2145.3184,6578.9796875,4602391.0
0.348,870.3233607596405,5007.521827754288,,,,,,-5244.1133,9.682978630065918,5244.1133,2336.01484375,27500724.0
0.352,880.3385226605686,5007.638903965467,,,,,,-10011.492,11.861191749572754,10011.492,-2049.971875,100229976.0
0.356,890.3539187161176,5007.75598291389,,,,,,-16447.45,15.081684112548828,16447.45,-6531.30546875,270518600.0
0.36,900.3695489317361,5007.873064599621,,,,,,-22168.305,17.67889976501465,22168.305,-11203.335546875,491433730.0
0.364,910.385413312874,5007.990149022721,,,,,,-22883.41,230.75689697265625,22883.41,-15350.95390625,523650460.0
0.368,920.4015118653331,5008.107236183261,,,,,,-16447.45,19.590139389038086,16447.45,-17591.62109375,270518600.0
0.372,930.4178445976686,5008.224326081339,,,,,,-3575.5312,19.93010711669922,3575.5312,-16304.42890625,12784424.0
0.376,940.4344115119243,5008.34141871698,,,,,,11680.074,19.610363006591797,11680.074,-10678.92421875,136424130.0
0.38,950.4512126135465,5008.458514090247,,,,,,24790.36,19.192447662353516,24790.36,-1287.19140625,614561900.0
0.384,960.4682479079844,5008.5756122012035,,,,,,32418.164,19.26634979248047,32418.164,9773.1234375,1050937340.0
0.388,970.485517400685,5008.692713049914,,,,,,32179.797,19.14055824279785,32179.797,19498.57265625,1035539300.0
0.392,980.5030210978009,5008.809816636451,,,,,,24551.992,18.889869689941406,24551.992,25124.07734375,602800300.0
0.396,990.5207590075089,5008.926922960907,,,,,,11680.074,18.947154998779297,11680.074,25124.07734375,136424130.0
0.4,1000.5387311318765,5009.04403202331,,,,,,-4052.2695,19.66530418395996,4052.2695,19355.5515625,16420888.0
0.404,1010.5569374763487,5009.161143823721,,,,,,-18592.77,20.45774269104004,18592.77,9153.36484375,345691070.0
0.408,1020.5753780463727,5009.278258362205,,,,,,-27412.418,21.535890579223633,27412.418,-2765.078125,751440640.0
0.412,1030.5940528473943,5009.395375638825,,,,,,-26697.312,227.1193389892578,26697.312,-13014.9390625,712746500.0
0.416,1040.6129618878838,5009.51249565368,,,,,,-16685.82,24.018321990966797,16685.82,-18688.11796875,278416600.0
0.42,1050.6321051717046,5009.629618406816,,,,,,-2622.0566,25.654251098632812,2622.0566,-18402.075390625,6875181.0
0.424,1060.6514827029134,5009.746743898279,,,,,,7389.4336,27.276723861694336,7389.4336,-13205.634765625,54603730.0
0.428,1070.6710944869562,5009.863872128134,,,,,,8581.277,28.92414665222168,8581.277,-6006.895703125,73638320.0
0.432,1080.6909405292784,5009.9810030964445,,,,,,3813.9023,35.23633575439453,3813.9023,95.347265625,14545851.0
0.436,1090.7110208378938,5010.0981368033035,,,,,,-1191.8438,64.35211181640625,1191.8438,3194.142578125,1420491.5
0.44,1100.7313354178457,5010.21527324877,,,,,,-1906.9492,180.2357940673828,1906.9492,3337.1640625,3636455.2
0.444,1110.7518842724621,5010.332412432884,,,,,,715.1074,37.52140426635742,715.1074,2002.298828125,511378.62
0.448,1120.7726674071887,5010.449554355708,,,,,,3337.164,32.268131256103516,3337.164,953.476171875,11136664.0
0.452,1130.7936848274683,5010.566699017305,,,,,,3337.164,34.76283645629883,3337.164,858.128515625,11136664.0
0.456,1140.8149365422287,5010.683846417781,,,,,,715.1074,39.782623291015625,715.1074,1239.51875,511378.62
0.46,1150.836422554957,5010.800996557177,,,,,,-1906.9492,45.844932556152344,1906.9492,1239.51875,3636455.2
0.464,1160.8581428696195,5010.918149435538,,,,,,-2622.0566,205.26942443847656,2622.0566,572.0859375,6875181.0
0.468,1170.8800974916624,5011.0353050529275,,,,,,-715.10547,36.57912063598633,715.10547,-238.36796875,511375.84
0.472,1180.902286427059,5011.152463409417,,,,,,1906.9512,29.612876892089844,1906.9512,-524.410546875,3636462.8
0.476,1190.9247096854156,5011.269624505117,,,,,,3575.5332,28.6487979888916,3575.5332,47.674609375,12784438.0
0.48,1200.9473672675315,5011.386788340037,,,,,,2860.4277,28.67619514465332,2860.4277,1001.15,8182047.0
0.484,1210.970259178848,5011.503954914243,,,,,,953.47656,28.048782348632812,953.47656,1716.256640625,909117.56
0.488,1220.9933854248065,5011.621124227796,,,,,,-715.10547,45.365089416503906,715.10547,1716.256640625,511375.84
0.492,1231.0167460147543,5011.738296280805,,,,,,-476.73633,165.5690460205078,476.73633,1239.519140625,227277.53
0.496,1241.0403409518224,5011.855471073309,,,,,,1906.9512,41.43273162841797,1906.9512,905.802734375,3636462.8
0.5,1251.0641702399091,5011.972648605352,,,,,,4529.008,28.53431510925293,4529.008,1239.51875,20511912.0
0.504,1261.088233884453,5012.089828876998,,,,,,5244.1133,26.06538963317871,5244.1133,2097.64609375,27500724.0
0.508,1271.1125318938189,5012.207011888344,,,,,,3098.7969,24.4285831451416,3098.7969,2860.4265625,9602542.0
0.512,1281.137064273322,5012.324197639454,,,,,,-1191.8438,24.242149353027344,1191.8438,2717.405078125,1420491.5
0.516,1291.1618310256563,5012.441386130357,,,,,,-5482.4805,23.966861724853516,5482.4805,1239.51875,30057592.0
0.52,1301.186832156264,5012.558577361118,,,,,,-7627.801,23.664213180541992,7627.801,-1191.84296875,58183344.0
0.524,1311.2120676733937,5012.675771331834,,,,,,-6674.328,226.17041015625,6674.328,-3575.53125,44546656.0
0.528,1321.2375375827978,5012.792968042571,,,,,,-3575.5312,23.24167251586914,3575.5312,-4910.396875,12784424.0
0.532,1331.2632418868436,5012.910167493357,,,,,,0.0,24.17608642578125,0.0,-4672.028125,0.0
0.536,1341.2891805909687,5013.027369684256,,,,,,2145.3203,23.6689453125,2145.3203,-3146.46796875,4602399.0
0.54,1351.31535370419,5013.144574615374,,,,,,2622.0586,22.424278259277344,2622.0586,-1096.49609375,6875191.5
0.544,1361.3417612309463,5013.261782286761,,,,,,2145.3203,30.178611755371094,2145.3203,667.43359375,4602399.0
0.548,1371.3684031741498,5013.378992698453,,,,,,476.73828,39.483673095703125,476.73828,1477.8875,227279.39
0.552,1381.3952795392372,5013.4962058505125,,,,,,-1906.9492,40.83885192871094,1906.9492,1096.49765625,3636455.2
0.556,1391.4223903368672,5013.613421743064,,,,,,-3813.9004,214.51776123046875,3813.9004,-95.346484375,14545836.0
0.56,1401.4497355684073,5013.730640376123,,,,,,-3337.164,29.898242950439453,3337.164,-1287.191015625,11136664.0
0.564,1411.4773152381963,5013.847861749742,,,,,,0.0,28.0251522064209,0.0,-1716.255078125,0.0
0.568,1421.5051293528657,5013.965085863998,,,,,,4767.375,27.940608978271484,4767.375,-858.127734375,22727864.0
0.572,1431.5331779219982,5014.0823127190015,,,,,,7389.4336,26.578479766845703,7389.4336,1001.148828125,54603730.0
0.576,1441.5614609457416,5014.1995423147555,,,,,,6435.957,25.5317440032959,6435.957,3051.1203125,41421544.0
0.58,1451.58997842953,5014.316774651324,,,,,,2860.4277,25.248079299926758,2860.4277,4290.638671875,8182047.0
0.584,1461.6187303831653,5014.43400972882,,,,,,-476.73633,24.300399780273438,476.73633,4195.29140625,227277.53
0.588,1471.6477168101076,5014.551247547285,,,,,,-715.10547,14.054232597351074,715.10547,3098.7953125,511375.84
0.592,1481.6769377134551,5014.668488106755,,,,,,1668.582,62.35189437866211,1668.582,1954.625,2784166.0
0.596,1491.7063931001317,5014.785731407311,,,,,,3575.5332,13.464265823364258,3575.5332,1382.540234375,12784438.0
0.6,1501.7360829795114,5014.902977449062,,,,,,1668.582,22.850181579589844,1668.582,1144.17109375,2784166.0
0.604,1511.7660073516515,5015.02022623201,,,,,,-5482.4805,24.792247772216797,5482.4805,143.022265625,30057592.0
0.608,1521.7961662219884,5015.137477756218,,,,,,-14540.5,24.902053833007812,14540.5,-2622.056640625,211426140.0
0.612,1531.826559602144,5015.254732021821,,,,,,-19784.613,225.146240234375,19784.613,-6912.695703125,391430900.0
0.616,1541.857187492307,5015.371989028822,,,,,,-16924.188,24.20391273498535,16924.188,-11012.63984375,286428130.0
0.62,1551.888049897019,5015.489248777274,,,,,,-6197.59,23.6778507232666,6197.59,-12585.87421875,38410120.0
0.624,1561.9191468261733,5015.606511267292,,,,,,9058.016,23.610029220581055,9058.016,-9677.775,82047650.0
0.628,1571.9504782835809,5015.723776498922,,,,,,22406.672,22.907318115234375,22406.672,-2288.340625,502058940.0
0.632,1581.9820442718892,5015.841044472194,,,,,,29319.371,22.449392318725586,29319.371,7532.45625,859625540.0
0.636,1592.0138447997558,5015.958315187208,,,,,,26935.68,22.754779815673828,26935.68,16304.4296875,725530800.0
0.64,1602.0458798736229,5016.075588644043,,,,,,15255.605,22.721601486206055,15255.605,20595.06875,232733500.0
0.644,1612.0781494947391,5016.192864842709,,,,,,-1906.9492,22.938838958740234,1906.9492,18402.07578125,3636455.2
0.648,1622.1106536710172,5016.310143783302,,,,,,-18831.14,23.62827491760254,18831.14,10154.51328125,354611870.0
0.652,1632.1433924105513,5016.427425465915,,,,,,-28127.523,23.63365936279297,28127.523,-1334.865625,791157570.0
0.656,1642.1763657136814,5016.5447098905515,,,,,,-26935.68,226.287353515625,26935.68,-12109.1375,725530800.0
0.66,1652.2095735880675,5016.661997057303,,,,,,-16209.082,24.284500122070312,16209.082,-18402.075,262734340.0
0.664,1662.2430160424713,5016.779286966269,,,,,,-1906.9492,23.923646926879883,1906.9492,-18402.075,3636455.2
0.668,1672.276693076815,5016.8965796174525,,,,,,9296.383,23.43183135986328,9296.383,-12776.5703125,86422740.0
0.672,1682.3106046989983,5017.013875010943,,,,,,14302.129,23.463871002197266,14302.129,-4290.63984375,204550900.0
0.676,1692.3447509174644,5017.131173146839,,,,,,13110.285,22.67833709716797,13110.285,3718.553125,171879580.0
0.68,1702.379131732214,5017.248474025142,,,,,,8581.277,22.779970169067383,8581.277,8676.625,73638320.0
0.684,1712.4137471518745,5017.365777645952,,,,,,2622.0586,24.23067855834961,2622.0586,9582.4265625,6875191.5
0.688,1722.448597183592,5017.483084009353,,,,,,-2383.6875,25.060195922851562,2383.6875,7246.4125,5681966.0
0.692,1732.4836818279296,5017.600393115352,,,,,,-5005.746,26.041955947875977,5005.746,3384.8375,25057494.0
0.696,1742.519001094744,5017.717704964062,,,,,,-5005.746,223.50962829589844,5005.746,-238.36875,25057494.0
0.7,1752.5545549888911,5017.835019555542,,,,,,-3337.164,25.09248161315918,3337.164,-2622.05703125,11136664.0
0.704,1762.5903435119972,5017.952336889812,,,,,,-1191.8438,22.810577392578125,1191.8438,-3384.8375,1420491.5
0.708,1772.6263666756322,5018.0696569670035,,,,,,1191.8457,21.865673065185547,1191.8457,-2669.730859375,1420496.1
0.712,1782.6626244813826,5018.186979787138,,,,,,3813.9023,22.519046783447266,3813.9023,-905.801171875,14545851.0
0.716,1792.6991169324274,5018.304305350252,,,,,,5959.2188,24.242286682128906,5959.2188,1287.191796875,35512290.0
0.72,1802.7358440425435,5018.421633656506,,,,,,5720.8516,27.3700008392334,5720.8516,3098.794921875,32728142.0
0.724,1812.7728058090668,5018.538964705869,,,,,,1906.9512,29.09634017944336,1906.9512,3718.55390625,3636462.8
0.728,1822.810002239547,5018.656298498429,,,,,,-2860.4258,29.31455421447754,2860.4258,2908.099609375,8182035.5
0.732,1832.8474333434679,5018.773635034299,,,,,,-5720.8516,31.65040397644043,5720.8516,1001.148828125,32728142.0
0.736,1842.8850991199192,5018.890974313466,,,,,,-4529.008,214.35751342773438,4529.008,-1096.496484375,20511912.0
0.74,1852.9229995796875,5019.008316336057,,,,,,-238.36719,37.70799255371094,238.36719,-2288.340234375,56818.918
0.744,1862.9611347263628,5019.125661102114,,,,,,4052.2715,36.82963562011719,4052.2715,-1859.276171875,16420904.0
0.748,1872.9995045618998,5019.243008611658,,,,,,5959.2188,33.411048889160156,5959.2188,-95.347265625,35512290.0
0.752,1883.038109100598,5019.360358864859,,,,,,4529.008,28.310617446899414,4529.008,1954.624609375,20511912.0
0.756,1893.0769483391757,5019.477711861678,,,,,,715.1074,24.76535415649414,715.1074,3003.44765625,511378.62
0.76,1903.1160222866747,5019.595067602219,,,,,,-4052.2695,22.680225372314453,4052.2695,2240.6671875,16420888.0
0.764,1913.155330950207,5019.712426086567,,,,,,-7866.172,19.89715576171875,7866.172,-143.021484375,61876660.0
0.768,1923.1948743298299,5019.829787314722,,,,,,-10249.859,18.826068878173828,10249.859,-3384.837109375,105059620.0
0.772,1933.2346524390352,5019.94715128684,,,,,,-10488.227,231.6115264892578,10488.227,-6388.283984375,110002900.0
0.776,1943.274665276423,5020.064518002908,,,,,,-8342.91,18.551902770996094,8342.91,-8199.8875,69604150.0
0.78,1953.3149128496964,5020.181887463014,,,,,,-3337.164,19.71717643737793,3337.164,-8056.86640625,11136664.0
0.784,1963.355395166759,5020.299259667251,,,,,,2860.4277,19.409555435180664,2860.4277,-5911.546484375,8182047.0
0.788,1973.396112227132,5020.416634615613,,,,,,8342.91,19.682424545288086,8342.91,-2192.992578125,69604150.0
0.792,1983.4370640448692,5020.534012308264,,,,,,10726.598,19.044130325317383,10726.598,2049.972265625,115059896.0
0.796,1993.47825061772,5020.651392745178,,,,,,10011.492,15.302263259887695,10011.492,5720.852734375,100229976.0
0.8,2003.5196719547816,5020.768775926462,,,,,,8581.277,11.353760719299316,8581.277,8104.541015625,73638320.0
0.804,2013.5613280620132,5020.886161852184,,,,,,7866.172,8.583368301391602,7866.172,9105.68984375,61876660.0
0.808,2023.6032189405225,5021.00355052236,,,,,,7151.0664,11.809774398803711,7151.0664,8867.32109375,51137750.0
0.812,2033.6453446040377,5021.120941937146,,,,,,4052.2715,16.528064727783203,4052.2715,7532.455859375,16420904.0
0.816,2043.687705048973,5021.238336096505,,,,,,-1906.9492,19.59925651550293,1906.9492,5148.767578125,3636455.2
0.82,2053.730300287805,5021.355733000579,,,,,,-8581.277,21.691431045532227,8581.277,1716.256640625,73638320.0
0.824,2063.7731303218166,5021.473132649385,,,,,,-11918.441,21.832822799682617,11918.441,-2240.666015625,142049250.0
0.828,2073.816195157334,5021.590535042997,,,,,,-10726.598,229.3634033203125,10726.598,-5816.198828125,115059896.0
0.832,2083.8594948023137,5021.707940181506,,,,,,-6912.6953,18.558828353881836,6912.6953,-8009.1921875,47785356.0
0.836,2093.9030292566295,5021.825348064913,,,,,,-3575.5312,12.741479873657227,3575.5312,-8342.90859375,12784424.0
0.84,2103.946798534476,5021.9427586933825,,,,,,-2622.0566,2.819502115249634,2622.0566,-7151.064453125,6875181.0
0.844,2113.990802631842,5022.060172066868,,,,,,-2383.6875,3.6813771724700928,2383.6875,-5244.113671875,5681966.0
0.848,2124.0350415623034,5022.177588185528,,,,,,-1191.8438,10.33230209350586,1191.8438,-3337.162890625,1420491.5
0.852,2134.079515325318,5022.295007049357,,,,,,2145.3203,17.521730422973633,2145.3203,-1525.559765625,4602399.0
0.856,2144.124223929799,5022.412428658458,,,,,,5959.2188,20.377117156982422,5959.2188,381.390234375,35512290.0
0.86,2154.169167380347,5022.529853012887,,,,,,7866.172,20.450824737548828,7866.172,2479.0359375,61876660.0
0.864,2164.214345680952,5022.6472801126865,,,,,,6912.6953,21.56981658935547,6912.6953,4338.3125,47785356.0
0.868,2174.2597588409235,5022.764709957969,,,,,,3813.9023,19.970252990722656,3813.9023,5339.46171875,14545851.0
0.872,2184.3054068597585,5022.882142548728,,,,,,1430.2148,13.080496788024902,1430.2148,5196.440625,2045514.5
0.876,2194.3512897510363,5022.999577885121,,,,,,1430.2148,18.146366119384766,1430.2148,4290.63984375,2045514.5
0.88,2204.397407510807,5023.117015967102,,,,,,3098.7969,12.37922477722168,3098.7969,3337.16484375,9602542.0
0.884,2214.443760154671,5023.234456794854,,,,,,4290.6406,11.734111785888672,4290.6406,2812.75390625,18409596.0
0.888,2224.4903476785166,5023.35190036833,,,,,,3575.5332,17.610103607177734,3575.5332,2765.080078125,12784438.0
0.892,2234.5371700958062,5023.469346687684,,,,,,0.0,20.12681770324707,0.0,2479.037109375,0.0
0.896,2244.584227405608,5023.586795752909,,,,,,-5482.4805,21.17641258239746,5482.4805,1096.498046875,30057592.0
0.9,2254.631519618423,5023.704247564126,,,,,,-10726.598,23.007366180419922,10726.598,-1668.580859375,115059896.0
0.904,2264.6790467360574,5023.821702121355,,,,,,-12156.809,225.7090606689453,12156.809,-4958.070703125,147788000.0
0.908,2274.7268087664916,5023.939159424692,,,,,,-8342.91,25.038040161132812,8342.91,-7341.759375,69604150.0
0.912,2284.7748057138306,5024.056619474182,,,,,,-1430.2129,26.029544830322266,1430.2129,-7627.801953125,2045508.9
0.916,2294.823037583976,5024.174082269896,,,,,,4767.375,28.758140563964844,4767.375,-5577.830859375,22727864.0
0.92,2304.8715043828975,5024.291547811904,,,,,,6197.59,33.663169860839844,6197.59,-2192.993359375,38410120.0
0.924,2314.9202061148458,5024.409016100254,,,,,,2622.0586,41.84233093261719,2622.0586,762.780078125,6875191.5
0.928,2324.96914278722,5024.526487135033,,,,,,-2383.6875,50.70989227294922,2383.6875,1954.624609375,5681966.0
0.932,2335.0183144030602,5024.643960916278,,,,,,-5482.4805,207.20899963378906,5482.4805,1144.17109375,30057592.0
0.936,2345.067720970756,5024.761437444085,,,,,,-4290.6367,31.702274322509766,4290.6367,-667.43125,18409564.0
0.94,2355.1173624925764,5024.878916718481,,,,,,0.0,25.990880966186523,0.0,-1906.94921875,0.0
0.944,2365.1672389774585,5024.996398739573,,,,,,5244.1133,23.8994083404541,5244.1133,-1382.53828125,27500724.0
0.948,2375.2173504273437,5025.113883507381,,,,,,8819.648,21.782800674438477,8819.648,858.12890625,77786200.0
0.952,2385.2676968512815,5025.2313710220105,,,,,,9773.121,20.89378547668457,9773.121,3909.24921875,95513896.0
0.956,2395.3182782513113,5025.348861283487,,,,,,7866.172,20.36934471130371,7866.172,6340.6109375,61876660.0
0.96,2405.369094636165,5025.466354291912,,,,,,4052.2715,20.23789405822754,4052.2715,7151.065234375,16420904.0
0.964,2415.4201460084237,5025.5838500473155,,,,,,-953.4746,22.124717712402344,953.4746,5911.54765625,909113.8
0.968,2425.4714323760536,5025.70134854979,,,,,,-5005.746,23.833242416381836,5005.746,3146.46875,25057494.0
0.972,2435.5229537426176,5025.818849799379,,,,,,-5959.2188,25.960172653198242,5959.2188,0.00078125,35512290.0
0.976,2445.5747101148863,5025.93635379616,,,,,,-3575.5312,219.73773193359375,3575.5312,-2288.33984375,12784424.0
0.98,2455.626701497834,5026.053860540191,,,,,,238.36914,44.24745178222656,238.36914,-3051.1203125,56819.848
0.984,2465.6789278965957,5026.171370031533,,,,,,2860.4277,62.30324172973633,2860.4277,-2288.33984375,8182047.0
0.988,2475.7313893180003,5026.288882270266,,,,,,1906.9512,42.38599395751953,1906.9512,-905.800390625,3636462.8
0.992,2485.7840857651113,5026.4063972564245,,,,,,-2145.3184,29.644372940063477,2145.3184,-143.0203125,4602391.0
0.996,2495.474831015423,4845.80119907603,62.90391840722047,0.1,0.05975506953729981,56.205150258335536,100.0,-7151.0625,26.16526222229004,7151.0625,-858.1265625,51137696.0
1.0,2505.418411265274,5107.823355069612,59.67316785338591,0.1,0.031472901221945876,59.479552005798155,100.0,-10011.492,225.25363159179688,10011.492,-2908.098828125,100229976.0
1.004,2515.2495247911174,4814.95254108488,63.30299593475063,0.1,0.042971487467043344,56.38303611587508,100.0,-8819.645,23.766677856445312,8819.645,-5244.11328125,77786130.0
1.008,2525.0878158066025,4967.342536983227,61.36086777675466,0.1,0.0328528935378788,58.07096507773128,100.0,-4052.2695,22.806894302368164,4052.2695,-6435.957421875,16420888.0
1.012,2535.111137573115,5106.825264659648,59.684901030598276,0.1,0.08422275146228324,71.59159140149504,100.0,2145.3203,22.032453536987305,2145.3203,-5577.8296875,4602399.0
1.016,2545.2210445630617,4727.415029862446,64.47650358121165,0.1,0.07678955436937528,58.855430745065576,100.0,7866.172,22.588603973388672,7866.172,-2574.3828125,61876660.0
1.02,2555.057654623755,5003.251676962092,60.92053292948622,0.1,0.0,52.031916289620504,100.0,10726.598,22.424293518066406,10726.598,1573.23515625,115059896.0
1.024,2565.1632380020083,5098.879599057724,59.778298035087204,0.1,0.06626476004017903,59.991391720858374,100.0,10249.859,22.379655838012695,10249.859,5387.1359375,105059620.0
1.028,2575.0862212171896,4864.106351658797,62.663802142777094,0.1,0.008688939140543136,52.75857454391104,100.0,6435.957,23.74751853942871,6435.957,7484.78125,41421544.0
1.032,2585.0856260918667,5045.577617826262,60.409676633033236,0.1,0.077856260918662,76.87146984210693,100.0,476.73828,24.5131893157959,476.73828,7151.06484375,227279.39
1.036,2595.0129728223205,4855.199676739454,62.77871198733127,0.1,0.0,57.84683527524198,100.0,-5482.4805,25.509906768798828,5482.4805,4481.334375,30057592.0
1.04,2605.0012993168393,4914.892813167585,62.01559748635538,0.1,0.0,59.53885774850442,100.0,-9058.016,25.882081985473633,9058.016,524.41171875,82047650.0
1.044,2615.146979884138,5524.773166972787,55.17041987272936,0.1,0.05524160926894411,65.20520603886342,100.0,-9296.383,224.69891357421875,9296.383,-3384.83671875,86422740.0
1.048,2625.0942372349705,4993.485227687384,61.04176374376499,0.1,0.025172882950924416,78.76022792523736,100.0,-5959.2188,26.280498504638672,5959.2188,-5863.871875,35512290.0
1.052,2635.312417903558,4928.215377039047,61.84824214759729,0.1,0.056372537106704444,78.33345052219553,100.0,953.47656,27.208433151245117,953.47656,-5768.52421875,909117.56
1.056,2645.3638259910326,5227.467895526415,58.30922804622263,0.1,0.07417044053802385,84.63250026763218,100.0,8819.648,27.471908569335938,8819.648,-2908.0984375,77786200.0
1.06,2655.7640601412418,5504.609072500579,55.37542918353346,0.1,0.08992180423723538,86.29296345933628,100.0,13587.023,28.18760108947754,13587.023,1620.909375,184607200.0
1.064,2665.97743913662,4431.051856716112,68.79085293062543,0.1,0.060871956831003285,50.38290334518518,100.0,11441.703,28.547470092773438,11441.703,5768.5265625,130912570.0
1.068,2675.8215165692013,4890.403243112993,62.32627676998146,0.1,0.0,50.25997757895062,100.0,3098.7969,28.61737632751465,3098.7969,7580.1296875,9602542.0
1.072,2685.715367133127,5039.884243909215,60.47762556780018,0.1,0.0,57.88939641808929,100.0,-6197.59,28.675098419189453,6197.59,6149.91640625,38410120.0
1.076,2695.9618152126122,5335.3778613326895,57.128099999999996,0.1,0.09661815212612888,67.21363289994795,100.0,-10249.859,27.209766387939453,10249.859,2336.01484375,105059620.0
1.08,2706.225143021219,5156.435495510605,59.110608653056865,0.1,0.08874856978780173,79.20779912751594,100.0,-8819.645,226.01280212402344,8819.645,-2145.31875,77786130.0
1.084,2716.5496502615333,5156.006018642131,59.11617657703922,0.1,0.08448950784598333,75.03803427436979,100.0,-5482.4805,20.60081672668457,5482.4805,-5530.15546875,30057592.0
1.088,2726.6228055371084,5254.901180265523,58.0030454342312,0.1,0.062456110742153736,92.25593462215669,100.0,-2622.0566,16.83443260192871,2622.0566,-6674.326171875,6875181.0
1.092,2737.141788750631,5360.145952615631,56.864189677661365,0.1,0.0,145.4592978624441,100.0,238.36914,17.98019790649414,238.36914,-5387.134375,56819.848
1.096,2747.6387803236107,5540.308644563285,55.016682261788276,0.1,0.020060983819477032,138.61715276320115,100.0,4290.6406,23.320844650268555,4290.6406,-2479.034375,18409596.0
1.1,2758.1036132357494,5301.828437352168,57.48970103494321,0.1,0.058963867642515114,128.45008345119152,100.0,7627.801,26.92229461669922,7627.801,810.4546875,58183344.0
1.104,2768.841155901016,5323.552314634859,57.255604682234676,0.1,0.07905779505077692,104.6337007378477,100.0,7151.0664,29.553293228149414,7151.0664,3337.1640625,51137750.0
1.108,2779.3762063706868,5154.449385506272,59.13395020855258,0.1,0.08176206370687467,103.65123955497015,100.0,2622.0586,29.274810791015625,2622.0586,4385.987109375,6875191.5
1.112,2789.9411374696756,5282.742431354044,57.697973202195314,0.1,0.0924113746967649,89.43400966544138,100.0,-1906.9492,26.81545066833496,1906.9492,3956.9234375,3636455.2
1.116,2800.2885913203586,5503.408327618133,55.384145484403284,0.1,0.00022817359284763809,85.26720099095212,100.0,-3813.9004,24.112060546875,3813.9004,2336.015234375,14545836.0
1.12,2810.798828161097,4934.4737933059305,61.76953354063483,0.1,0.018046873556188992,94.59150033825077,100.0,-3098.795,13.225228309631348,3098.795,190.69609375,9602530.0
1.124,2821.335081439796,4985.365442650831,61.1395604826888,0.1,1.0323472350811986,80.59760832087755,100.0,-2860.4258,1.8866310119628906,2860.4258,-1811.60234375,8182035.5
1.128,2831.3427249073106,5123.046460275566,59.50209911591558,0.1,0.0,81.75465602357575,100.0,-3337.164,6.4708452224731445,3337.164,-3003.446875,11136664.0
1.132,2841.7773180862323,5310.618118957635,57.39456739299449,0.1,0.0814536382753688,97.98587075893737,100.0,-4052.2695,238.49513244628906,4052.2695,-3432.5109375,16420888.0
1.136,2852.201667061502,4949.053688676856,61.58758244537513,0.1,1.5782645977212257,93.80478662797266,100.0,-3813.9004,16.302579879760742,3813.9004,-3432.5109375,14545836.0
1.14,2862.5815032587093,5158.190060282957,59.090893362121236,0.1,0.07544509776124572,100.97712057242859,100.0,-2860.4258,12.999444007873535,2860.4258,-3384.837109375,8182035.5
1.144,2872.9713262206924,5183.315191511931,58.80406433688965,0.1,0.0,102.65716498322355,100.0,-1906.9492,10.92686939239502,1906.9492,-3194.141796875,3636455.2
1.148,2883.570548820059,5206.384612682756,58.54362455449686,0.1,0.09400000000000001,103.5392543553836,100.0,-476.73633,12.02538776397705,476.73633,-2622.05625,227277.53
1.152,2893.972023114293,5432.026072109699,56.11167866540544,0.1,0.07755953771413493,109.71133786192789,100.0,1906.9512,14.516443252563477,1906.9512,-1430.212109375,3636462.8
1.156,2904.3834760382724,5258.027882781538,57.96860537366606,0.1,0.0,147.52973169929626,100.0,5005.746,16.56737518310547,5005.746,333.7171875,25057494.0
1.16,2915.052129570427,5399.3896195708185,56.45098178675717,0.1,0.08356388711279045,209.01872234450457,100.0,7866.172,18.687273025512695,7866.172,2479.03671875,61876660.0
1.164,2925.706763972762,5208.2160871885735,58.52308606193892,0.1,0.03013527945526872,201.81832837667304,100.0,8581.277,20.309871673583984,8581.277,4576.68203125,73638320.0
1.168,2936.279176216548,5070.077444658753,60.11782591440844,0.1,0.06962471350359001,172.72012140009178,100.0,6435.957,20.252389907836914,6435.957,5959.220703125,41421544.0
1.172,2946.7333877796627,5015.7038665859,60.76913820627986,0.1,0.013667755593265014,167.22425104880185,100.0,2860.4277,19.118789672851562,2860.4277,6149.916015625,8182047.0
1.176,2957.256295362239,5347.368421052632,57.0,0.1,0.039,213.75749706971035,100.0,715.1074,11.886183738708496,715.1074,5291.78828125,511378.62
1.18,2968.0808080626307,5705.620144559422,53.42230517231838,0.1,0.04312120939445504,169.60427423737974,100.0,953.47656,6.733456611633301,953.47656,3909.24921875,909117.56
1.184,2978.573258690068,5577.672428543059,54.64681006445203,0.1,0.0,148.958878634948,100.0,2145.3203,10.817525863647461,2145.3203,2622.0578125,4602399.0
1.188,2989.241571982553,5122.860972284531,59.498055554294105,0.1,0.0708314396510687,125.19516921521814,100.0,2145.3203,8.597296714782715,2145.3203,1763.93046875,4602399.0
1.192,2999.4933271640216,4724.119282990977,64.520700938101,0.1,0.032,139.8432171397986,100.0,238.36914,14.475285530090332,238.36914,1239.51875,56819.848
1.196,3010.046073471619,5120.580450869759,59.52593641958322,0.1,0.076,153.20286481495498,100.0,-2383.6875,14.333877563476562,2383.6875,619.759765625,5681966.0
1.2,3020.5682096009095,5126.089669612493,59.46052838403633,0.1,0.081,118.9893898290445,100.0,-4290.6367,10.46816635131836,4290.6367,-429.062890625,18409564.0
1.204,3031.0574051328317,5319.037044086699,57.30360948347834,0.1,0.0,137.671242717575,100.0,-6435.957,8.712295532226562,6435.957,-2145.318359375,41421544.0
1.208,3041.7514406447985,5406.101410757449,56.38184602076769,0.1,0.08094237420806662,146.65465054952145,100.0,-9534.754,12.164519309997559,9534.754,-4481.333203125,90911540.0
1.212,3052.0036981484864,5015.620836303974,60.77035708167847,0.1,0.05292603703027408,139.49870822368618,100.0,-12395.18,13.888914108276367,12395.18,-7008.04296875,153640480.0
1.216,3062.432810396381,5622.841089126445,54.20990867592281,0.1,0.0,109.9728244497541,100.0,-13587.023,234.28683471679688,13587.023,-9248.71015625,184607200.0
1.22,3073.11263074976,5205.231861734819,58.55661652354932,0.1,0.082,152.64394619499856,100.0,-11918.441,15.703315734863281,11918.441,-10774.27109375,142049250.0
1.224,3083.7954861597686,5076.665736916088,60.039493745152214,0.1,0.079,114.11746924098286,100.0,-7866.172,15.515523910522461,7866.172,-11060.3140625,61876660.0
1.228,3093.9270548808013,5363.002850354194,56.83391065742823,0.1,0.0,119.37303230004268,100.0,-1906.9492,15.489995956420898,1906.9492,-9534.753125,3636455.2
1.232,3103.782189806747,3969.6689431193977,76.78803632190456,0.1,0.0,85.72856382111081,100.0,5244.1133,15.952067375183105,5244.1133,-6006.89453125,27500724.0
1.236,3113.6243108279145,5020.567827482617,60.71027961011176,0.0,0.0,194.55586733102768,0.0,12633.547,17.803956985473633,12633.547,-762.78046875,159606510.0
1.24,3123.868140287292,5082.644210072755,59.971207609126026,0.0,0.0,181.64899787713944,0.0,16685.82,17.98744010925293,16685.82,4958.071875,278416600.0
1.244,3134.339126269578,5335.724905908462,57.126099340095955,0.0,0.0,840.782799984509,0.0,15970.711,17.576478958129883,15970.711,9725.4484375,255063600.0
1.248,3144.17501192734,5005.07817111354,60.90334421700084,0.0,0.0,169.10357138977793,0.0,11441.703,14.376815795898438,11441.703,12395.17890625,130912570.0
1.252,3154.224642438694,5189.453087138942,58.73509911971005,0.0,0.0,176.57206647414472,0.0,8342.91,3.6459429264068604,8342.91,13014.93828125,69604150.0
1.256,3163.765983916775,4572.350280042447,66.6634933303988,0.0,0.0,179.3308836159026,0.0,9296.383,4.0922651290893555,9296.383,12347.50546875,86422740.0
1.26,3173.377795844905,4268.042165981687,71.4309754679694,0.0,0.0,151.9779877632455,0.0,12395.18,5.25870943069458,12395.18,11489.37734375,153640480.0
1.264,3183.066467764129,5376.567671734412,56.69050582656024,0.0,0.0,300.64004736429627,0.0,11680.074,15.884916305541992,11680.074,10631.25,136424130.0
1.268,3193.2683613490403,4760.035432535743,64.03318304094876,0.0,0.0,133.63793953615016,0.0,3098.7969,19.89636993408203,3098.7969,8962.66875,9602542.0
1.272,3203.4140784311126,5086.665834471496,59.921391382600405,0.1,0.04900000000000001,363.07005993187414,100.0,-10726.598,21.35897445678711,10726.598,5148.7671875,115059896.0
1.276,3213.3778575380165,5880.502563865837,51.83427997766669,0.1,0.010900055322456888,150.78437004394837,100.0,-22883.41,22.091184616088867,22883.41,-1287.19140625,523650460.0
1.28,3223.2248373922453,5010.999838975812,60.82620937454637,0.1,0.3918687036602776,169.42676318438293,100.0,-26697.312,21.8011474609375,26697.312,-9105.68984375,712746500.0
1.284,3233.0904561365965,4904.851015223039,62.14266805973416,0.1,2.5780371910294106,82.84491197205968,100.0,-21691.566,228.9381866455078,21691.566,-15780.01796875,470524060.0
1.288,3242.891283811822,4743.943854243909,64.2505106447361,0.1,4.613914980949268,176.10518359225094,89.34978367222207,-11680.074,20.383447647094727,11680.074,-18735.7921875,136424130.0
1.292,3252.8756464555627,4919.076030183198,61.96302444810253,0.1,0.0,93.87218404660734,100.0,-1906.9492,19.00370979309082,1906.9492,-16971.8625,3636455.2
1.296,3262.983021233255,5076.72526282915,60.03874024328511,0.1,0.0032259656814820174,94.88741463992787,100.0,4290.6406,17.037925720214844,4290.6406,-11537.05234375,18409596.0
1.3,3273.0860216478036,5160.782545381864,59.06089302831763,0.1,0.08172043295603783,201.82664195071965,100.0,7151.0664,16.112468719482422,7151.0664,-4767.3765625,51137750.0
1.304,3283.081373921756,5135.092599139767,59.35630504374186,0.1,0.04442139017194416,88.80009899210756,100.0,7389.4336,15.594326972961426,7389.4336,1048.8234375,54603730.0
1.308,3293.4225994083195,5234.247125606513,58.23293202255917,0.1,0.053807952665699495,157.1480661123303,100.0,5959.2188,16.082664489746094,5959.2188,4576.68203125,35512290.0
1.312,3303.654710293096,5288.701489643374,57.632833858145986,0.1,0.07890579413808022,207.3322648213367,100.0,3337.164,18.856870651245117,3337.164,5625.5046875,11136664.0
1.316,3313.8430961571403,4959.483432955004,61.459138694058424,0.1,2.1412932535853595,179.28946259106885,100.0,476.73828,29.983543395996094,476.73828,4862.72421875,227279.39
1.32,3324.204183602887,5305.612703488795,57.448950616317575,0.1,0.08408367205778157,253.18544872919998,100.0,-1191.8438,140.54832458496094,1191.8438,3194.1421875,1420491.5
1.324,3334.451276461998,5097.341965561894,59.79589330541724,0.1,0.0,132.0473778930301,100.0,-476.73633,27.023130416870117,476.73633,1620.908203125,227277.53
1.328,3344.5157828460287,4953.413308342632,61.534234923234244,0.1,0.010106058476605412,96.12847144387506,100.0,3098.7969,21.34878158569336,3098.7969,1048.823828125,9602542.0
1.332,3354.5782467232375,4747.242487234895,64.21033611373024,0.10369805704989772,3.8924485423254627,88.34502765977123,100.0,8581.277,21.65272331237793,8581.277,2097.646484375,73638320.0
1.336,3360.0000131920756,4912.482196897333,62.04602638415074,,,137.60402638415076,,12871.918,21.70094871520996,12871.918,4576.682421875,165686270.0
1.34,3365.0356417891035,4253.268581854235,71.67475963330337,,,58.05709314373828,,13110.285,21.918176651000977,13110.285,7437.108203125,171879580.0
1.344,3369.9000529274613,5000.151023096554,60.958158782387954,,,74.30605292746266,,7866.172,22.390926361083984,7866.172,9105.68984375,61876660.0
1.348,3375.0521773102373,5297.010739325772,57.54189302602782,,,221.3496982997547,,-715.10547,21.990724563598633,715.10547,8342.909375,511375.84
1.352,3380.300046655847,5230.197917180683,58.276953344152716,,,148.17309331169457,,-8819.645,21.482086181640625,8819.645,4862.725,77786130.0
1.356,3385.5151511310564,5081.822802517309,59.97919487082263,,,125.79156929636648,,-13587.023,20.94704246520996,13587.023,-429.06328125,184607200.0
1.36,3390.717391987755,5545.049599375945,54.96824650386079,,,179.68432689253382,,-14302.129,229.13877868652344,14302.129,-5911.54609375,204550900.0
1.364,3395.958879332795,5199.889817480556,58.616810297432615,,,202.17835976722208,,-10964.965,22.417552947998047,10964.965,-9677.7734375,120230456.0
1.368,3401.200012633609,5162.772097695357,59.038050534441744,,,143.18594946555825,,-3813.9004,25.294471740722656,3813.9004,-10297.532421875,14545836.0
1.372,3406.279188640884,5423.241748940924,56.20476086917343,,,244.6744400407165,,4767.375,29.707983016967773,4767.375,-7580.128515625,22727864.0
1.376,3412.189770736946,5503.6511853570155,55.382285821108745,,,265.04119029998304,,9296.383,35.02735900878906,9296.383,-3003.447265625,86422740.0
1.38,3417.600026514418,5439.0820870318075,56.03886742791595,,,275.031,,6197.59,40.429718017578125,6197.59,1096.496484375,38410120.0
1.384,3422.926575218049,5595.169588644376,54.47556397203086,,,388.0194370338078,,-2383.6875,42.84366989135742,2383.6875,2812.751953125,5681966.0
1.388,3428.4000627501478,5562.5576978111585,54.79493724985086,,,228.93318825044742,,-9773.121,39.57961654663086,9773.121,1620.9078125,95513896.0
1.392,3434.008661412896,5232.188068966,58.25497176632031,,,232.8213578903736,,-9773.121,215.0777587890625,9773.121,-1287.19140625,95513896.0
1.396,3439.200024943816,5225.889412773253,58.32500000000001,,,317.08487528091325,,-2383.6875,32.015830993652344,2383.6875,-3623.20546875,5681966.0
1.4,3444.400025827933,5030.443633931123,60.59107748380444,,,265.1200258279348,,6435.957,30.292476654052734,6435.957,-3575.53203125,41421544.0
1.404,3449.5009006529585,5315.796601852898,57.33853712295318,,,291.57211603353153,,10249.859,29.644540786743164,10249.859,-1048.82265625,105059620.0
1.408,3454.6086134086545,5121.638969644622,59.512336620891716,,,347.3163989430902,,7151.0664,30.77977180480957,7151.0664,2336.01484375,51137750.0
1.412,3459.600048981205,5103.88653569845,59.71919592481817,,,224.77895101879542,,953.47656,34.56568145751953,953.47656,4481.334375,909117.56
1.416,3464.600073252745,5351.614012166015,56.95478024176337,,,274.77592674725446,,-2383.6875,54.76438903808594,2383.6875,4481.334375,5681966.0
1.42,3469.7747275248826,5320.7833480213685,57.28484505471249,,,317.90931018568705,,-476.73633,177.47341918945312,476.73633,3098.795703125,227277.53
1.424,3474.9105757427683,5095.555900263666,59.816866555862234,,,273.21059093121767,,4767.375,37.79955291748047,4767.375,2002.298828125,22727864.0
1.428,3480.100041496084,5176.007784956865,58.887082992166256,,,331.69108299216623,,9058.016,27.43556785583496,9058.016,2383.688671875,82047650.0
1.432,3485.200095141945,5019.581780155732,60.72219028388784,,,227.28699999999995,,9534.754,23.6107120513916,9534.754,4099.944140625,90911540.0
1.436,3490.4000741748578,4937.305759811383,61.73407417485874,,,211.89014834971744,,6197.59,21.02602767944336,6197.59,5816.199609375,38410120.0
1.44,3495.4524155169306,4896.893002647398,62.243733848699236,,,174.51886252202365,,0.0,20.290456771850586,0.0,5911.546875,0.0
1.444,3500.7376448520617,5135.564976457489,59.350821979966874,,,159.25654401299875,,-7389.4336,19.9333553314209,7389.4336,3480.18515625,54603730.0
1.448,3505.750531085026,4750.712687056028,64.16545351682427,,,49.78367322013819,,-13587.023,18.907756805419922,13587.023,-1048.82265625,184607200.0
1.452,3510.8000236029948,5433.650793412994,56.09488198503004,,,186.43588198503005,,-17400.926,19.15822410583496,17400.926,-6435.95859375,302792220.0
1.456,3515.800006321153,5159.544886171154,59.0749778759697,,,77.42748735769698,,-17162.559,230.5545654296875,17162.559,-11107.98828125,294553400.0
1.46,3520.9852887081165,5095.931584588161,59.81381961387291,,,74.99377700045031,,-12395.18,19.934123992919922,12395.18,-13587.02421875,153640480.0
1.464,3526.031869483295,7661.940868083229,39.7845681678231,,,136.43739477649555,,-3337.164,20.96624755859375,3337.164,-12776.5703125,11136664.0
1.468,3532.089965854596,6855.323953474117,44.47246776681438,,,183.1673002110465,,7627.801,22.046735763549805,7627.801,-8533.60546875,58183344.0
1.472,3538.1991562898597,6862.636854614364,44.414758977037415,,,140.2246326957055,,15970.711,23.102888107299805,15970.711,-1859.278125,255063600.0
1.476,3543.824174809952,5719.326483087022,53.29441329744367,,,77.3958183684906,,17400.926,22.777374267578125,17400.926,5053.41875,302792220.0
1.48,3549.0000531411583,6179.151679627617,49.32715942347219,,,228.06406282314796,,12871.918,21.590801239013672,12871.918,10106.83828125,165686270.0
1.484,3554.0609524767133,5399.69300010248,56.460305736738945,,,76.95127151839337,,6435.957,18.780723571777344,6435.957,12061.4625,41421544.0
1.488,3560.250166270481,6085.765473496722,50.08411340817163,,,308.8873204162843,,2622.0586,11.71692180633545,2622.0586,11060.3140625,6875191.5
1.492,3565.9910128215733,6409.014779753638,47.55820465622316,,,534.5574363871957,,1191.8457,6.067982196807861,1191.8457,8104.541015625,1420496.1
1.496,3572.34333088912,5938.323908541273,51.32789365266263,,,380.35701676528697,,-715.10547,8.374523162841797,715.10547,4481.334765625,511375.84
1.5,3578.411486709505,5435.7225424290145,56.07863537708525,,,346.9299952933208,,-5959.2188,15.929105758666992,5959.2188,715.107421875,35512290.0
1.504,3584.2000544504986,5568.11537568757,54.740245027245145,,,314.9814356039913,,-13587.023,20.511856079101562,13587.023,-3289.488671875,184607200.0
1.508,3589.6890933132595,4427.784046318563,68.83845434671103,,,149.84825569165943,,-19546.246,22.93608856201172,19546.246,-7723.149609375,382055740.0
1.512,3595.554643527925,6207.490931196949,49.10684524343034,,,311.02615403185604,,-18116.031,224.6609344482422,18116.031,-11584.725,328190600.0
1.516,3601.714671325977,5615.771087303374,54.276806389131515,,,381.15717680177266,,-6435.957,26.693906784057617,6435.957,-12728.8953125,41421544.0
1.52,3607.8387682682214,7289.921497654275,41.819531562557806,,,577.2857887915604,,9773.121,27.277217864990234,9773.121,-9582.42734375,95513896.0
1.524,3613.6588388606115,5505.949213191024,55.35831275447215,,,468.47019189153843,,20738.09,27.951034545898438,20738.09,-2717.4046875,430068380.0
1.528,3619.0803582954227,5720.260974032146,53.28452642709369,,,190.01210244738022,,19546.246,28.787548065185547,19546.246,5101.09375,382055740.0
1.532,3624.7139122538065,5377.529295238022,56.68085961572761,,,242.5204838089071,,8581.277,29.337705612182617,8581.277,10440.55546875,73638320.0
1.536,3630.3000354604537,5230.80930248508,58.27014184181425,,,154.07956736725703,,-2145.3184,30.073392868041992,2145.3184,11298.683203125,4602391.0
1.54,3636.198882906652,4923.21869384704,61.91075670600768,,,30.502401516578807,,-5720.8516,34.16193771362305,5720.8516,8199.888671875,32728142.0
1.544,3641.800058454226,7201.9280752327395,42.322,,,89.23026304402345,,-2145.3184,197.65696716308594,2145.3184,3623.20703125,4602391.0
1.548,3647.6000930331575,4940.021241838744,61.700139549737244,,,74.74413954973723,,2860.4277,71.99811553955078,2860.4277,286.043359375,8182047.0
1.552,3652.8000910827127,5347.368421052632,57.0,,,54.731091082716006,,4767.375,38.503597259521484,4767.375,-476.737109375,22727864.0
1.556,3658.4000049645033,4905.447619271714,62.135002482252865,,,46.628997517747145,,2860.4277,27.737398147583008,2860.4277,524.412109375,8182047.0
1.56,3663.700053663385,6125.5085153058135,49.7591341584636,,,145.21978534645822,,-1191.8438,24.21368408203125,1191.8438,1430.213671875,1420491.5
1.564,3669.400062489319,5423.511666367485,56.19975004271831,,,65.26909373398063,,-4529.008,21.48794937133789,4529.008,953.47578125,20511912.0
1.568,3674.80004051151,5638.690757966438,54.0551012787755,,,60.8829594884898,,-5720.8516,18.262977600097656,5720.8516,-762.780078125,32728142.0
1.572,3680.4869883104557,5643.927664986283,54.00499403889908,,,91.55607524528766,,-5482.4805,15.00538444519043,5482.4805,-2812.751171875,30057592.0
1.576,3686.200095259836,6025.025203107396,50.589,,,98.70480948032922,,-4529.008,235.5634002685547,4529.008,-4290.63828125,20511912.0
1.58,3692.192961286272,6030.435186986976,50.54363013557789,,,79.88333712037424,,-3098.795,13.795217514038086,3098.795,-4672.028515625,9602530.0
1.584,3698.000071650039,5284.065620854489,57.68285669992399,,,39.96364174980996,,-1430.2129,14.765891075134277,1430.2129,-4052.26953125,2045508.9
1.588,3703.442486476639,5747.726018981416,53.03076520358366,,,52.64081729707846,,-476.73633,1.1985653638839722,476.73633,-3003.446484375,227277.53
1.592,3708.900001297848,5633.490840669197,54.10499610644849,,,48.88099870214948,,-2145.3184,189.32301330566406,2145.3184,-2336.0140625,4602391.0
1.596,3714.1745986454057,5558.492085126208,54.837036126529874,,,33.72395364023954,,-6197.59,17.185779571533203,6197.59,-2669.73046875,38410120.0
1.6,3719.224051708804,4942.438965040066,61.67291761693987,,,45.255848149959576,,-8581.277,225.4169921875,8581.277,-3766.226953125,73638320.0
1.604,3725.000069802794,8075.095016636654,37.74568588743162,,,59.0755235209473,,-4290.6367,26.140888214111328,4290.6367,-4338.31171875,18409564.0
1.608,3730.600016650361,4619.437585972862,65.98205827625634,,,22.53802497553844,,5959.2188,26.53534698486328,5959.2188,-3051.120703125,35512290.0
1.612,3735.7042752753973,5078.536475242588,60.01734645220955,,,28.01536028689316,,15493.977,26.657983779907227,15493.977,476.73828125,240063310.0
1.616,3740.6439725783694,5555.720015274231,54.86244695054081,,,43.23838200352478,,17400.926,25.698272705078125,17400.926,5196.44140625,302792220.0
1.62,3746.250021124898,5335.543712503943,57.12634484260096,,,44.99835356374616,,11918.441,23.993080139160156,11918.441,9296.38515625,142049250.0
1.624,3751.5769150589163,5187.564599885541,58.75615719092433,,,20.886348624049532,,4290.6406,21.102481842041016,4290.6406,11012.640625,18409596.0
1.628,3756.853458280942,5233.903343896567,58.23602796584721,,,38.963121323942694,,-715.10547,15.821155548095703,715.10547,9677.77578125,511375.84
1.632,3761.9000613915155,5281.8324114,57.7072455660669,,,37.300815825449824,,-3813.9004,12.267285346984863,3813.9004,5816.200390625,14545836.0
1.636,3766.900086117946,5134.485325903319,59.3633014128135,,,42.73191388205328,,-7627.801,13.98678970336914,7627.801,810.455078125,58183344.0
1.64,3772.100042953992,4828.06251714462,63.13091409201809,,,22.036214769954768,,-12633.547,18.240398406982422,12633.547,-4099.942578125,159606510.0
1.644,3777.2000811194516,5541.818181818182,55.0,,,31.99375664164661,,-15970.711,227.7200164794922,15970.711,-8152.212890625,255063600.0
1.648,3782.4038618843183,5367.5436050429735,56.785767718925534,,,25.059029303411464,,-13110.285,24.4993839263916,13110.285,-10631.248828125,171879580.0
1.652,3787.696666384052,4901.043729455711,62.19108180748463,,,21.550293017110043,,-3098.795,25.125381469726562,3098.795,-10488.227734375,9602530.0
1.656,3792.811567488153,5204.463850821925,58.56705596592159,,,19.29736778575514,,10249.859,25.05279541015625,10249.859,-6912.695703125,105059620.0
1.66,3797.9536547191274,5169.98236424208,58.95596372264725,,,19.54226331052875,,20976.46,24.759471893310547,20976.46,-190.694140625,440011900.0
1.664,3802.77388546128,5269.792504358783,57.8469193619433,,,26.195942524236028,,24075.254,24.29816246032715,24075.254,7818.498828125,579617860.0
1.668,3807.9439739341906,4929.979467511564,61.82614692099524,,,28.882018958698588,,18116.031,23.747709274291992,18116.031,14063.762109375,328190600.0
1.672,3813.4017737431327,5289.222561568104,57.626622005922854,,,35.64796909005183,,6197.59,22.740808486938477,6197.59,15923.0390625,38410120.0
1.676,3819.2747033970386,5581.908777975097,54.605072378200575,,,84.07352791788493,,-6435.957,21.595325469970703,6435.957,12585.87578125,41421544.0
1.68,3824.8000554160417,5687.7403047701255,53.588944583956525,,,53.93786145989131,,-16209.082,21.249094009399414,16209.082,5148.7671875,262734340.0
1.684,3830.400077007097,5542.031349576829,54.997884489353346,,,64.35830802839108,,-20261.352,20.744848251342773,20261.352,-3718.55390625,410522370.0
1.688,3835.9000214206076,5257.071953314784,57.979042841219346,,,40.88889289695166,,-18592.77,230.3354949951172,18592.77,-11060.3140625,345691070.0
1.692,3841.0000928170884,5001.827968850309,60.93772154873853,,,35.92795359145642,,-13110.285,19.251218795776367,13110.285,-14921.8890625,171879580.0
1.696,3846.4000358621392,5575.6777521677095,54.666,,,34.523143448564895,,-5482.4805,19.364961624145508,5482.4805,-14731.19375,30057592.0
1.7,3851.700008358417,5475.119606136569,55.670016716836365,,,35.761008358418195,,2383.6895,19.847183227539062,2383.6895,-11012.639453125,5681975.5
1.704,3857.1807372662024,5425.247484465571,56.18184424911387,,,38.265849838131494,,8819.648,21.46355438232422,8819.648,-5196.439453125,77786200.0
1.708,3862.5000233410083,5254.81635679586,58.00392997697671,,,30.143941647480585,,11441.703,24.002981185913086,11441.703,810.455078125,130912570.0
1.712,3867.400071043834,4614.980219831228,66.04578686849506,,,14.364644780825081,,8581.277,26.89396858215332,8581.277,5148.767578125,73638320.0
1.716,3872.6000671288557,5402.368520931349,56.4196979201508,,,38.243,,2383.6895,31.177824020385742,2383.6895,6722.0015625,5681975.5
1.72,3878.0000637887256,5277.070533030233,57.75931894362075,,,27.122808633827557,,-2383.6875,42.223716735839844,2383.6875,5768.526171875,5681966.0
1.724,3883.0000660145524,4828.07109297144,63.1308019563471,,,19.572264058203853,,-2383.6875,187.0104522705078,2383.6875,3527.858984375,5681966.0
1.728,3887.7809055844823,5060.256054632558,60.23554260314741,,,22.159920245747,,1668.582,49.906837463378906,1668.582,1573.234765625,2784166.0
1.732,3892.2000386676123,4325.799623458244,70.460961332387,,,10.215096669032485,,5720.8516,34.12841796875,5720.8516,1001.149609375,32728142.0
1.736,3897.1000378979843,5365.908402106265,56.803056846974485,,,27.241943153025513,,6674.328,28.62910270690918,6674.328,1859.27734375,44546656.0
1.74,3902.700088834266,5370.3363049876025,56.75622208566513,,,29.609911165733955,,3813.9023,27.492616653442383,3813.9023,3098.7953125,14545851.0
1.744,3908.3000951794475,5541.818181818182,55.0,,,33.2881427691767,,-1668.582,27.660799026489258,1668.582,3241.81640625,2784166.0
1.748,3914.5000540170354,6012.581100501031,50.69370290631299,,,47.818,,-7151.0625,28.908798217773438,7151.0625,1477.8875,51137696.0
1.752,3919.896627073077,5023.479940004867,60.675101439584886,,,36.467114794309595,,-9296.383,218.00494384765625,9296.383,-1525.559375,86422740.0
1.756,3929.782777445673,5043.286593247537,,,,,,-5005.746,34.39845275878906,5005.746,-3861.57421875,25057494.0
